Stock Cd,Item Description,P/Size,Dep Description,VAT Rating
21172,ACTRAPHANE PENSET,1,INSULINS,Zero Rated
21211,ACTRAPHANE VIALS,1,INSULINS,Zero Rated
21179,ACTRAPID VIALS,1,INSULINS,Zero Rated
53888835,LANTUS SOLOSTAR 100IU/ML,1,INSULINS,Zero Rated
21203,NOVOMIX  30 FLEXIPEN,1,INSULINS,Zero Rated
21213,NOVORAPID FLEXPEN 100IU/ML,1,INSULINS,Zero Rated
21261,PROTAPHANE PENSETS,1,INSULINS,Zero Rated
21178,PROTAPHANE VIALS 10ML,1,INSULINS,Zero Rated
67782482,AFRICAN POTATO TABLETS 90S,1,"HERBALS,SUPPLEMENTS AND COMPLIMENTARY MEDICINES",Zero Rated
82226163,ALFAALFA TABLETS 90S,1,"HERBALS,SUPPLEMENTS AND COMPLIMENTARY MEDICINES",Zero Rated
46473013,ARTHRO GUARD JOINT REPAIR,1,"HERBALS,SUPPLEMENTS AND COMPLIMENTARY MEDICINES",Zero Rated
63587339,ARTHRO-GUARD CAPS 90,1,"HERBALS,SUPPLEMENTS AND COMPLIMENTARY MEDICINES",Zero Rated
79196530,ARTHRO-GUARD INTENSIVE 90,1,"HERBALS,SUPPLEMENTS AND COMPLIMENTARY MEDICINES",Zero Rated
23933440,BREWERS YEAST TABLETS 90S,1,"HERBALS,SUPPLEMENTS AND COMPLIMENTARY MEDICINES",Zero Rated
22091,CALCI-VITA VITAMIN C PLUS 1000MG EFF 15,15,"HERBALS,SUPPLEMENTS AND COMPLIMENTARY MEDICINES",Zero Rated
55220701,CALTRATE 600MG + VIT D 30`S TABLETS,90,"HERBALS,SUPPLEMENTS AND COMPLIMENTARY MEDICINES",Zero Rated
54361230,CALTRATE PLUS 90`S TABLETS,90,"HERBALS,SUPPLEMENTS AND COMPLIMENTARY MEDICINES",Zero Rated
61055707,FEVERFEW TABLETS 90S,1,"HERBALS,SUPPLEMENTS AND COMPLIMENTARY MEDICINES",Zero Rated
71454116,HERBEX ATTACK THE FAT TEA  FRESH MINT 20,1,"HERBALS,SUPPLEMENTS AND COMPLIMENTARY MEDICINES",Zero Rated
92079943,HERBEX ATTACK THE FAT TEA FRESH MINT 20,1,"HERBALS,SUPPLEMENTS AND COMPLIMENTARY MEDICINES",Zero Rated
28961965,HERBEX BOOST DRP METABOLISM 50ML,1,"HERBALS,SUPPLEMENTS AND COMPLIMENTARY MEDICINES",Zero Rated
12869466,HERBEX SLIM TEA FAT BURN HONEY 20,1,"HERBALS,SUPPLEMENTS AND COMPLIMENTARY MEDICINES",Zero Rated
58936081,HERBEX SLIM TEA FAT BURN HONEY 20,1,"HERBALS,SUPPLEMENTS AND COMPLIMENTARY MEDICINES",Zero Rated
24075496,HERBEX SLIMMERS 20-40 TABS 60,1,"HERBALS,SUPPLEMENTS AND COMPLIMENTARY MEDICINES",Zero Rated
44713236,HERBEX SLIMMERS 20-40 TABS 60,1,"HERBALS,SUPPLEMENTS AND COMPLIMENTARY MEDICINES",Zero Rated
80060287,HERBEX SLIMMERS TEA DETOX 20,1,"HERBALS,SUPPLEMENTS AND COMPLIMENTARY MEDICINES",Zero Rated
10477180,HERBEX SLIMMERS TEA EAT LESS 20,1,"HERBALS,SUPPLEMENTS AND COMPLIMENTARY MEDICINES",Zero Rated
47264643,HERBEX SLIMMERS TEA FAT BURN 20,1,"HERBALS,SUPPLEMENTS AND COMPLIMENTARY MEDICINES",Zero Rated
51613541,HERBEX SLIMMERS TEA METABOLISM 20,1,"HERBALS,SUPPLEMENTS AND COMPLIMENTARY MEDICINES",Zero Rated
72947666,MILKTHISTLE/DANDELION TABLES 90,1,"HERBALS,SUPPLEMENTS AND COMPLIMENTARY MEDICINES",Zero Rated
22152297,OSTEOEZE GOLD CAPS 90,90,"HERBALS,SUPPLEMENTS AND COMPLIMENTARY MEDICINES",Zero Rated
74871359,OSTEOEZE GOUT 60,60,"HERBALS,SUPPLEMENTS AND COMPLIMENTARY MEDICINES",Zero Rated
0002256,PEDIASURE COMPLETE,1,"HERBALS,SUPPLEMENTS AND COMPLIMENTARY MEDICINES",Zero Rated
39063562,ST JOHN S WORT/VALERIAN TABLETS 90S,1,"HERBALS,SUPPLEMENTS AND COMPLIMENTARY MEDICINES",Zero Rated
48389387,VIT D3-GAP M/VIT IN CALCIUM METAB 30G,30,"HERBALS,SUPPLEMENTS AND COMPLIMENTARY MEDICINES",Zero Rated
74811598,VITAFORCE MENSVITE MATURE BPR TABS 60,1,"HERBALS,SUPPLEMENTS AND COMPLIMENTARY MEDICINES",Zero Rated
83418542,VITAL ARTHRIT EASE CAPS 30 14818,1,"HERBALS,SUPPLEMENTS AND COMPLIMENTARY MEDICINES",Zero Rated
12148473,VITAL B COMPLEX HP CAPS 60 10105,1,"HERBALS,SUPPLEMENTS AND COMPLIMENTARY MEDICINES",Zero Rated
24204639,VITAL BREWERS YEAST TABS 200 10500,1,"HERBALS,SUPPLEMENTS AND COMPLIMENTARY MEDICINES",Zero Rated
97692549,VITAL COD LIVER OIL CAPS 90 10920,1,"HERBALS,SUPPLEMENTS AND COMPLIMENTARY MEDICINES",Zero Rated
44968124,VITAL CRANEBERRY COMPLEX CAPS 30 14886,1,"HERBALS,SUPPLEMENTS AND COMPLIMENTARY MEDICINES",Zero Rated
81733860,VITAL DOLOMITE TABS 200 11100,1,"HERBALS,SUPPLEMENTS AND COMPLIMENTARY MEDICINES",Zero Rated
35884622,VITAL EVENING PRIMROSE OIL CAPS 60 14875,1,"HERBALS,SUPPLEMENTS AND COMPLIMENTARY MEDICINES",Zero Rated
71480279,VITAL EYE BOOST CAPS 30 14886,1,"HERBALS,SUPPLEMENTS AND COMPLIMENTARY MEDICINES",Zero Rated
84170388,VITAL FLASEED OIL CAPS 60 14868,1,"HERBALS,SUPPLEMENTS AND COMPLIMENTARY MEDICINES",Zero Rated
10896666,VITAL GARLIC AND PARSEL CAPS 11600,1,"HERBALS,SUPPLEMENTS AND COMPLIMENTARY MEDICINES",Zero Rated
85581374,VITAL GINGKO 7000MG VEGICAPS 30 14908,1,"HERBALS,SUPPLEMENTS AND COMPLIMENTARY MEDICINES",Zero Rated
95391127,VITAL HAIR + SKIN + NAIL CAPS 12577,1,"HERBALS,SUPPLEMENTS AND COMPLIMENTARY MEDICINES",Zero Rated
79764446,VITAL IQ BOOST CAPS 30,1,"HERBALS,SUPPLEMENTS AND COMPLIMENTARY MEDICINES",Zero Rated
44454663,VITAL LECITHIN 1200MG CAPS 30 14867,1,"HERBALS,SUPPLEMENTS AND COMPLIMENTARY MEDICINES",Zero Rated
20178182,VITAL OMEGA 3-6-9 CAPS 30 14867,1,"HERBALS,SUPPLEMENTS AND COMPLIMENTARY MEDICINES",Zero Rated
91666282,VITAL PROSTATE GLAND CAPS 30 14912,1,"HERBALS,SUPPLEMENTS AND COMPLIMENTARY MEDICINES",Zero Rated
13630847,VITAL SPASTICOL EASE TABS 30 14884,1,"HERBALS,SUPPLEMENTS AND COMPLIMENTARY MEDICINES",Zero Rated
87944322,VITAL VITACHARGE CAPS 30 14785,1,"HERBALS,SUPPLEMENTS AND COMPLIMENTARY MEDICINES",Zero Rated
22108,VITAL VITAMIN E 400IU CAPSULE 30 14200,30,"HERBALS,SUPPLEMENTS AND COMPLIMENTARY MEDICINES",Zero Rated
97124634,VITAL WOMEN CAPS 60 12566,1,"HERBALS,SUPPLEMENTS AND COMPLIMENTARY MEDICINES",Zero Rated
70534620,ADULT DIAPERS LARGE SINGLES,1,VAT GREY AREA,Standard Rate (15%)
13308,AQUEOUS CREAM (ELEGANCE) 500G,500,VAT GREY AREA,Standard Rate (15%)
13309,AQUEOUS CREAM (EVOLVE) 125ML,100,VAT GREY AREA,Standard Rate (15%)
78910007,AQUEOUS CREAM (EVOLVE) 300ML,250,VAT GREY AREA,Standard Rate (15%)
13316,AQUEOUS CREAM (VARICHEM) 300ML,300,VAT GREY AREA,Standard Rate (15%)
13312,AQUEOUS CREAM (VARICHEM) 500ML,500,VAT GREY AREA,Standard Rate (15%)
13307,AQUEOUS CREAM 300G (DATLABS),100,VAT GREY AREA,Standard Rate (15%)
36184,COTTON WOOL 125G (HOSPITAL GRADE),125,VAT GREY AREA,Standard Rate (15%)
22333413,COTTON WOOL 125G (PCD-HOSPITAL GRADE),1,VAT GREY AREA,Standard Rate (15%)
36185,COTTON WOOL 250G (HOSPITAL GRADE),1,VAT GREY AREA,Standard Rate (15%)
63647936,COTTON WOOL 250G (PCD-HODPITAL GRADE),1,VAT GREY AREA,Standard Rate (15%)
47670898,COTTON WOOL 500G (HOSPITAL GRADE),1,VAT GREY AREA,Standard Rate (15%)
36005,COTTON WOOL 50G (DONGIENIC-HOSPITAL GRADE),1,VAT GREY AREA,Standard Rate (15%)
39227034,COTTON WOOL 50G (PCD-HOSPITAL GRADE),1,VAT GREY AREA,Standard Rate (15%)
13037,EMULSIFYING OINTMENT 100G,1,VAT GREY AREA,Standard Rate (15%)
13031,EMULSIFYING OINTMENT 500G,500,VAT GREY AREA,Standard Rate (15%)
13332,EMULSIFYING OINTMENT 50G,50,VAT GREY AREA,Standard Rate (15%)
46785426,MATERNITY PADS (EVA),1,VAT GREY AREA,Standard Rate (15%)
79750695,MATERNITY PADS (MUM CARE),1,VAT GREY AREA,Standard Rate (15%)
22236,VITAMIN E TISSUE OIL,100,VAT GREY AREA,Standard Rate (15%)
37238,ABACAVIR 600MG / LAMIVUDINE 300MG,30,ANTIRETROVIAL THERAPY,Zero Rated
37164,ALUVIA (LOPINAVIR/RITONAVIR 200/50MG) TABLETS,120,ANTIRETROVIAL THERAPY,Zero Rated
37100,ATAZANAVIR/RITONAVIR(300MG/100MG) TABLETS,30,ANTIRETROVIAL THERAPY,Zero Rated
050839,AVONZA (TENOFOVIR/LAMIVU/EFAVI300/300/400MG),30,ANTIRETROVIAL THERAPY,Zero Rated
37037,DARUNAVIR 600MG (PREZISTA)TABLETS,60,ANTIRETROVIAL THERAPY,Zero Rated
50834,DUOVIR N (PEADS) TABLETS,60,ANTIRETROVIAL THERAPY,Zero Rated
37038,EFAVIRANZ 600MG TABLETS,30,ANTIRETROVIAL THERAPY,Zero Rated
37145,LAMIV+ZIDOV+NEVIRAP (ADULTS) TABLETS,60,ANTIRETROVIAL THERAPY,Zero Rated
37156,LAMIVUDINE+ZIDOVUDINE  TABLETS,60,ANTIRETROVIAL THERAPY,Zero Rated
37129,NEVIRAPINE TABLETS,60,ANTIRETROVIAL THERAPY,Zero Rated
586914,TELURA  300MG/300MG/600MG MYLAN,30,ANTIRETROVIAL THERAPY,Zero Rated
37107,TENOFOVIR/EFAVIRENZ/EMITRICITABINE(300MG/600MG/200MG),30,ANTIRETROVIAL THERAPY,Zero Rated
50468,TENOFOVIR/EMTRICITABINE (GENERIC),30,ANTIRETROVIAL THERAPY,Zero Rated
3702,TENOFOVIR/LAM/EFAV(300MG/300MG/600MG)HETERO,30,ANTIRETROVIAL THERAPY,Zero Rated
5197,TENOFOVIR/LAMIVUDIVE(300MG/300MG),30,ANTIRETROVIAL THERAPY,Zero Rated
37025,TRUVADA (TENOFOVIR/EMTRICITABINE),30,ANTIRETROVIAL THERAPY,Zero Rated
92143125,PUR 150ML WIDE NECK WITH HANDLE,1,BABY BOTTLES,Standard Rate (15%)
14564182,PUR 300ML BOTTLE CLASSY FEEDING,1,BABY BOTTLES,Standard Rate (15%)
81633412,PUR FAST FLOW SILICONE TEATS WIDE NECK,1,BABY BOTTLES,Standard Rate (15%)
34224948,PUR MEDICINE NURSER,1,BABY BOTTLES,Standard Rate (15%)
27934550,PUR MEDIUM FLOW SILICONE TEATS 2`S WIDE NECK,1,BABY BOTTLES,Standard Rate (15%)
65744378,PUR SLOW FLOW WIDE NECK SILICONE TEATS 2`S,1,BABY BOTTLES,Standard Rate (15%)
33639583,PUR WIDE NECK 240ML WITH HANDLE,1,BABY BOTTLES,Standard Rate (15%)
88148460,BLACK OPAL COMPLEXION CLEARING BAR,1,BLACK OPAL,Standard Rate (15%)
40281331,BLACK OPAL DEEP TREATMENT SCRUB 120ML,1,BLACK OPAL,Standard Rate (15%)
73658167,BLACK OPAL OIL FREE MOISTURIZER 57ML,1,BLACK OPAL,Standard Rate (15%)
38154192,BLACK OPAL SKIN  PERFECTING CREME CLEANSER 90ML,1,BLACK OPAL,Standard Rate (15%)
85897410,BLACK OPAL STICK CAROB,1,BLACK OPAL,Standard Rate (15%)
54985178,BLACK OPAL STICK FOUNDATION BEAUTIFUL BRONZE,1,BLACK OPAL,Standard Rate (15%)
83376695,BLACK OPAL STICK FOUNDATION HAZEL NUT,1,BLACK OPAL,Standard Rate (15%)
16189331,BLACK OPAL STICK FOUNDATION NUTMEG,1,BLACK OPAL,Standard Rate (15%)
23616185,BLACK OPAL STICK FOUNDATION TRULY TOPAZ,1,BLACK OPAL,Standard Rate (15%)
64776678,AQUEOUS CREAM (BENNETS) 350ML FRAGANCED,1,COSMETICS,Standard Rate (15%)
13311,AQUEOUS CREAM (EVOLVE) 500ML,500,COSMETICS,Standard Rate (15%)
98665876,GENTLE MAGIC BALM 20G,1,COSMETICS,Standard Rate (15%)
83218746,GENTLE MAGIC CREAM 100ML,1,COSMETICS,Standard Rate (15%)
50981,HAIR FOOD (MOVIT) 70G,1,COSMETICS,Standard Rate (15%)
69499546,JOHNSON AND JOHNSON BABY WIPES 72 E/SENS 298900,1,COSMETICS,Standard Rate (15%)
50982,KRIS BODY LOTION 100ML,1,COSMETICS,Standard Rate (15%)
51012,SANSIRO PARFUM ASSORTED 8ML,1,COSMETICS,Standard Rate (15%)
51011,SAPIL SCENTS ASSORTED,1,COSMETICS,Standard Rate (15%)
SIG135,SIG FACE POWDER TRANSUCENT,1,COSMETICS,Standard Rate (15%)
SIG002,SIG FOUNDATION FUDGE,1,COSMETICS,Standard Rate (15%)
SIG001,SIG LIQ FOUNDATION CARAMELLO,1,COSMETICS,Standard Rate (15%)
SIG118,SIG XTRA COVER FOUNDATION ESPRESSO,1,COSMETICS,Standard Rate (15%)
SIG117,SIG XTRA COVER FOUNDATION JAVA,1,COSMETICS,Standard Rate (15%)
SIG122,SIG XTRA COVER STICK CARAMELLO,1,COSMETICS,Standard Rate (15%)
SIG123,SIG XTRA COVER STICK ESPRESSO,1,COSMETICS,Standard Rate (15%)
86241799,SUNGLASSES,1,COSMETICS,Standard Rate (15%)
568947,ALICE BAND KIDS,1,COSMESTICS FROM A NON VAT REGISTERED SUPPLIER,Standard Rate (15%)
76751659,BRUT AFTERSHAVE 100ML SPIRIT,1,COSMESTICS FROM A NON VAT REGISTERED SUPPLIER,Standard Rate (15%)
88490036,CLEAN AND CLEAR ADV DAIL SCRUB 150ML,1,COSMESTICS FROM A NON VAT REGISTERED SUPPLIER,Standard Rate (15%)
10661339,CLEAN AND CLEAR BLACKHEAD SCRUB 150ML 33097,1,COSMESTICS FROM A NON VAT REGISTERED SUPPLIER,Standard Rate (15%)
31822627,CLEAN AND CLEAR DUAL ACTION MOIST 100ML 8387,1,COSMESTICS FROM A NON VAT REGISTERED SUPPLIER,Standard Rate (15%)
49132435,CLEAN AND CLEAR EXFOLIATING DAILY WASH 150ML 912,1,COSMESTICS FROM A NON VAT REGISTERED SUPPLIER,Standard Rate (15%)
84310351,CLEARASIL ULTRA SCRUB 150ML,1,COSMESTICS FROM A NON VAT REGISTERED SUPPLIER,Standard Rate (15%)
87932096,CLEARASIL ULTRA TONER 150ML,1,COSMESTICS FROM A NON VAT REGISTERED SUPPLIER,Standard Rate (15%)
88861380,CLEARSIL ULTRA FACE WASH 150ML,1,COSMESTICS FROM A NON VAT REGISTERED SUPPLIER,Standard Rate (15%)
49347704,DETTOL 175G ORIGINAL,1,COSMESTICS FROM A NON VAT REGISTERED SUPPLIER,Standard Rate (15%)
86383811,DETTOL HAND SANITIZER  50ML,1,COSMESTICS FROM A NON VAT REGISTERED SUPPLIER,Standard Rate (15%)
35284645,DETTOL SOAP  90G HERBAL,1,COSMESTICS FROM A NON VAT REGISTERED SUPPLIER,Standard Rate (15%)
18049849,DETTOL SOAP 175G ACTIVE TBC,1,COSMESTICS FROM A NON VAT REGISTERED SUPPLIER,Standard Rate (15%)
64325720,DETTOL SOAP 175G CARING,1,COSMESTICS FROM A NON VAT REGISTERED SUPPLIER,Standard Rate (15%)
86856777,DETTOL SOAP 175G COOL,1,COSMESTICS FROM A NON VAT REGISTERED SUPPLIER,Standard Rate (15%)
82748034,DETTOL SOAP 175G FRESH,1,COSMESTICS FROM A NON VAT REGISTERED SUPPLIER,Standard Rate (15%)
10122890,DETTOL SOAP 175G HERBAL,1,COSMESTICS FROM A NON VAT REGISTERED SUPPLIER,Standard Rate (15%)
97597711,DETTOL SOAP 175G ORIGINAL,1,COSMESTICS FROM A NON VAT REGISTERED SUPPLIER,Standard Rate (15%)
94461027,DETTOL SOAP 175G REFRESHING 380357 TBC,1,COSMESTICS FROM A NON VAT REGISTERED SUPPLIER,Standard Rate (15%)
73430409,DETTOL SOAP 175G SENSITIVE,1,COSMESTICS FROM A NON VAT REGISTERED SUPPLIER,Standard Rate (15%)
79242420,DETTOL SOAP 175G SOOTHING,1,COSMESTICS FROM A NON VAT REGISTERED SUPPLIER,Standard Rate (15%)
26927648,DETTOL SOAP 90G ACTIVE,1,COSMESTICS FROM A NON VAT REGISTERED SUPPLIER,Standard Rate (15%)
10566912,DETTOL SOAP 90G COOL,1,COSMESTICS FROM A NON VAT REGISTERED SUPPLIER,Standard Rate (15%)
64725745,DETTOL SOAP 90G FRESH,1,COSMESTICS FROM A NON VAT REGISTERED SUPPLIER,Standard Rate (15%)
50145482,DETTOL SOAP 90G ORIGINAL,1,COSMESTICS FROM A NON VAT REGISTERED SUPPLIER,Standard Rate (15%)
28616024,DETTOL SOAP 90G SKINCARE,1,COSMESTICS FROM A NON VAT REGISTERED SUPPLIER,Standard Rate (15%)
76354304,DOVE SOAP 100G EXFOLIATING,1,COSMESTICS FROM A NON VAT REGISTERED SUPPLIER,Standard Rate (15%)
56694489,DOVE SOAP 100G EXFOLIATING,1,COSMESTICS FROM A NON VAT REGISTERED SUPPLIER,Standard Rate (15%)
26232791,ELIZ ANNE AQUEOUS SOAP 175G 478305,1,COSMESTICS FROM A NON VAT REGISTERED SUPPLIER,Standard Rate (15%)
97275186,ELIZ ANNE BABY HAIR OIL 125ML 211209,1,COSMESTICS FROM A NON VAT REGISTERED SUPPLIER,Standard Rate (15%)
33760393,ELIZ ANNE BABY OIL 125ML 211102,1,COSMESTICS FROM A NON VAT REGISTERED SUPPLIER,Standard Rate (15%)
87631649,ELIZ ANNE NIPPLE CREAM 50ML 493910,1,COSMESTICS FROM A NON VAT REGISTERED SUPPLIER,Standard Rate (15%)
58953,FACE POWDER GREEN TEA,1,COSMESTICS FROM A NON VAT REGISTERED SUPPLIER,Standard Rate (15%)
33637740,GILL FACE WASH 150ML EXFOLIATE 495549,1,COSMESTICS FROM A NON VAT REGISTERED SUPPLIER,Standard Rate (15%)
51254311,GILLETTE SHAVING FOAM 200ML REF 685522,1,COSMESTICS FROM A NON VAT REGISTERED SUPPLIER,Standard Rate (15%)
56894,JAW CLIPS,1,COSMESTICS FROM A NON VAT REGISTERED SUPPLIER,Standard Rate (15%)
56891,JAW CLIPS KIDS,1,COSMESTICS FROM A NON VAT REGISTERED SUPPLIER,Standard Rate (15%)
33654912,JOHNSON AND JOHNSON BABY COLOGNE 100ML DREAM 9020200,1,COSMESTICS FROM A NON VAT REGISTERED SUPPLIER,Standard Rate (15%)
75477779,JOHNSON AND JOHNSON BABY COLOGNE 100ML FLORAL 9019000,1,COSMESTICS FROM A NON VAT REGISTERED SUPPLIER,Standard Rate (15%)
45369944,JOHNSON AND JOHNSON BABY OIL 125ML 32548,1,COSMESTICS FROM A NON VAT REGISTERED SUPPLIER,Standard Rate (15%)
66459944,JOHNSON AND JOHNSON F/CARE CLEANS BAR 100G O/CONTROL 84,1,COSMESTICS FROM A NON VAT REGISTERED SUPPLIER,Standard Rate (15%)
45217812,JOHNSON AND JOHNSON F/CARE F/WASH E/COMPLEXION 150ML 86,1,COSMESTICS FROM A NON VAT REGISTERED SUPPLIER,Standard Rate (15%)
22034680,JOHNSON AND JOHNSON F/CARE F/WASH O/CONTROL 100ML 85174,1,COSMESTICS FROM A NON VAT REGISTERED SUPPLIER,Standard Rate (15%)
91098555,JOHNSON AND JOHNSON HYDRA FRESH CLEANSER FACE CARE 150M,1,COSMESTICS FROM A NON VAT REGISTERED SUPPLIER,Standard Rate (15%)
24028598,JOHNSON AND JOHNSON TISSUE OIL  60ML 35665,1,COSMESTICS FROM A NON VAT REGISTERED SUPPLIER,Standard Rate (15%)
29836142,KOTEX MINI TAMPS 16 1351261,1,COSMESTICS FROM A NON VAT REGISTERED SUPPLIER,Standard Rate (15%)
49148636,LIFEBUOY SOAP 100G CARE WHITE 3678,1,COSMESTICS FROM A NON VAT REGISTERED SUPPLIER,Standard Rate (15%)
13232863,LIFEBUOY SOAP 100G DEO FRESH BLUE 3679,1,COSMESTICS FROM A NON VAT REGISTERED SUPPLIER,Standard Rate (15%)
30077989,LIFEBUOY SOAP 100G HERBAL GREEN 3677,1,COSMESTICS FROM A NON VAT REGISTERED SUPPLIER,Standard Rate (15%)
98624949,LIFEBUOY SOAP 100G MOIST PLUS 21108281,1,COSMESTICS FROM A NON VAT REGISTERED SUPPLIER,Standard Rate (15%)
94822449,LIFEBUOY SOAP 100G TOTAL RED 3676,1,COSMESTICS FROM A NON VAT REGISTERED SUPPLIER,Standard Rate (15%)
325647,MAKE UP BRUSH SET,1,COSMESTICS FROM A NON VAT REGISTERED SUPPLIER,Standard Rate (15%)
67895928,OXY 10 LOTION 25G 8993600,1,COSMESTICS FROM A NON VAT REGISTERED SUPPLIER,Standard Rate (15%)
90432391,OXY CLEAN BAR WITH TEA TREE 75G 73927,1,COSMESTICS FROM A NON VAT REGISTERED SUPPLIER,Standard Rate (15%)
96314763,OXY CLEAN SPOT AND BLACKHEAD BAR 75G 59391,1,COSMESTICS FROM A NON VAT REGISTERED SUPPLIER,Standard Rate (15%)
55993631,OXY EMERGENCY ZIT BLITZER 10ML 56571,1,COSMESTICS FROM A NON VAT REGISTERED SUPPLIER,Standard Rate (15%)
61852226,OXY FACE WASH REGULAR 150ML 84334,1,COSMESTICS FROM A NON VAT REGISTERED SUPPLIER,Standard Rate (15%)
60263190,OXY FACE WASH REGULAR 375ML 49138,1,COSMESTICS FROM A NON VAT REGISTERED SUPPLIER,Standard Rate (15%)
35792518,OXY FACE WASH SENSENTIVE 150ML 84335,1,COSMESTICS FROM A NON VAT REGISTERED SUPPLIER,Standard Rate (15%)
32138735,OXY FASH WASH 375ML SENS 49139,1,COSMESTICS FROM A NON VAT REGISTERED SUPPLIER,Standard Rate (15%)
71915383,PROTEX SOAP 100G DEEP CLEAN 2687 SD,1,COSMESTICS FROM A NON VAT REGISTERED SUPPLIER,Standard Rate (15%)
18029985,PROTEX SOAP 100G FRESH 2201,1,COSMESTICS FROM A NON VAT REGISTERED SUPPLIER,Standard Rate (15%)
87460591,PROTEX SOAP 175 COMPLETE,1,COSMESTICS FROM A NON VAT REGISTERED SUPPLIER,Standard Rate (15%)
568944,SCRUNCH KIDS PACK,1,COSMESTICS FROM A NON VAT REGISTERED SUPPLIER,Standard Rate (15%)
56895,SCRUNCH VELVET,1,COSMESTICS FROM A NON VAT REGISTERED SUPPLIER,Standard Rate (15%)
44789260,CADBURY DAIRY MILK CHOCLATE 80G,1,CONFECTIONERY AND OTHER FOOD ITEMS,Standard Rate (15%)
73317196,CADBURY FRUIT AND NUT CHOCOLATE 80G,1,CONFECTIONERY AND OTHER FOOD ITEMS,Standard Rate (15%)
85714395,CADBURY TOP DECK CHOCOLATE 80G,1,CONFECTIONERY AND OTHER FOOD ITEMS,Standard Rate (15%)
40015433,CHOMP,1,CONFECTIONERY AND OTHER FOOD ITEMS,Standard Rate (15%)
20361125,COUGH DROPS,1,CONFECTIONERY AND OTHER FOOD ITEMS,Standard Rate (15%)
50358527,DENTYNE  XCARE PEPPERMINT,1,CONFECTIONERY AND OTHER FOOD ITEMS,Standard Rate (15%)
70241527,ENDEARMINTS,1,CONFECTIONERY AND OTHER FOOD ITEMS,Standard Rate (15%)
52689949,HALL HONEY AND LEMON,1,CONFECTIONERY AND OTHER FOOD ITEMS,Standard Rate (15%)
50131714,LUNCH BAR MINI,1,CONFECTIONERY AND OTHER FOOD ITEMS,Standard Rate (15%)
93759221,MENTOS CHERRYMIN GUM,1,CONFECTIONERY AND OTHER FOOD ITEMS,Standard Rate (15%)
72454895,MENTOS PEPPERMINT GUM,1,CONFECTIONERY AND OTHER FOOD ITEMS,Standard Rate (15%)
83142374,MENTOS SPEARMIN GUM,1,CONFECTIONERY AND OTHER FOOD ITEMS,Standard Rate (15%)
28684783,MINERAL WATER 500MLS,1,CONFECTIONERY AND OTHER FOOD ITEMS,Standard Rate (15%)
42993926,MINERAL WATER 750MLS,1,CONFECTIONERY AND OTHER FOOD ITEMS,Standard Rate (15%)
57191534,MINUTE MAID APPLE 250ML,1,CONFECTIONERY AND OTHER FOOD ITEMS,Standard Rate (15%)
51291821,MINUTE MAID APPLE GRAPE JUICE DRINK 400ML,1,CONFECTIONERY AND OTHER FOOD ITEMS,Standard Rate (15%)
17569696,MINUTE MAID CAN NECTAR APPLE 330ML,1,CONFECTIONERY AND OTHER FOOD ITEMS,Standard Rate (15%)
50275260,MINUTE MAID CAN NECTAR EXOTIC 330ML,1,CONFECTIONERY AND OTHER FOOD ITEMS,Standard Rate (15%)
99059630,MINUTE MAID CAN NECTAR MANGO 330ML,1,CONFECTIONERY AND OTHER FOOD ITEMS,Standard Rate (15%)
33982320,MINUTE MAID CAN PINE APPLE 330ML,1,CONFECTIONERY AND OTHER FOOD ITEMS,Standard Rate (15%)
46864948,MINUTE MAID MANGO APPLE 400ML,1,CONFECTIONERY AND OTHER FOOD ITEMS,Standard Rate (15%)
82856557,MINUTE MAID PULPY 250ML,1,CONFECTIONERY AND OTHER FOOD ITEMS,Standard Rate (15%)
84148553,MINUTE MAID PULPY ORANGE 400ML,1,CONFECTIONERY AND OTHER FOOD ITEMS,Standard Rate (15%)
73828920,MINUTE MAID TROPICAL  250ML,1,CONFECTIONERY AND OTHER FOOD ITEMS,Standard Rate (15%)
96870884,MINUTE MAID TROPICAL 400ML,1,CONFECTIONERY AND OTHER FOOD ITEMS,Standard Rate (15%)
48118956,NAN 1 400G,1,CONFECTIONERY AND OTHER FOOD ITEMS,Standard Rate (15%)
99921191,NAN 2 400G,1,CONFECTIONERY AND OTHER FOOD ITEMS,Standard Rate (15%)
93761192,NAN 3 400G,1,CONFECTIONERY AND OTHER FOOD ITEMS,Standard Rate (15%)
63494726,PASCAL CHOC BAR-MALLOW,1,CONFECTIONERY AND OTHER FOOD ITEMS,Standard Rate (15%)
73422471,PASCAL CHOC BAR-MILKY,1,CONFECTIONERY AND OTHER FOOD ITEMS,Standard Rate (15%)
27963870,PASCAL CHOC BAR-MINT,1,CONFECTIONERY AND OTHER FOOD ITEMS,Standard Rate (15%)
68866848,PASCAL CHOC BAR-NUTLOG,1,CONFECTIONERY AND OTHER FOOD ITEMS,Standard Rate (15%)
29376295,PASCAL MINI CHOC,1,CONFECTIONERY AND OTHER FOOD ITEMS,Standard Rate (15%)
10588222,S26 1 TIN 400G,1,CONFECTIONERY AND OTHER FOOD ITEMS FROM NON VAT RE,Standard Rate (15%)
18830892,S26 1 TIN 900G,1,CONFECTIONERY AND OTHER FOOD ITEMS FROM NON VAT RE,Standard Rate (15%)
35321166,S26 GOLD 1 TIN 400G,1,CONFECTIONERY AND OTHER FOOD ITEMS FROM NON VAT RE,Standard Rate (15%)
58737098,S26 LF GOLD TIN 400G,1,CONFECTIONERY AND OTHER FOOD ITEMS FROM NON VAT RE,Standard Rate (15%)
82914898,S26 PDF GOLD 1 400G TIN,1,CONFECTIONERY AND OTHER FOOD ITEMS FROM NON VAT RE,Standard Rate (15%)
58568891,S26 PROMIL 2 FORMULA TIN 400G,1,CONFECTIONERY AND OTHER FOOD ITEMS FROM NON VAT RE,Standard Rate (15%)
25787925,S26 PROMIL 2 FORMULA TIN 900G,1,CONFECTIONERY AND OTHER FOOD ITEMS FROM NON VAT RE,Standard Rate (15%)
49619567,S26 PROMIL GOLD 2 FORMULA TIN 400G,1,CONFECTIONERY AND OTHER FOOD ITEMS FROM NON VAT RE,Standard Rate (15%)
CLINIC012,LIPID PROFILE TEST,1,FREE TYPE PROCEDURES,Zero Rated
97779840,CLOVE OIL 10MILS (TOOTHACH DROPS),1,GALENICALS,Zero Rated
41186949,CO-CONUT OIL 100ML PAKMED,1,GALENICALS,Standard Rate (15%)
64894030,CO-CONUT OIL BP 50ML PAKMED,1,GALENICALS,Standard Rate (15%)
60281563,COCONUT OIL BP   50ML  PAKMED,1,GALENICALS,Standard Rate (15%)
33946722,COCONUT OIL BP 100ML  PAKMED,1,GALENICALS,Standard Rate (15%)
49820135,ANKLE SUPPORT LARGE (PHARMA SURGE),1,MEDICAL SUPPLIES,Zero Rated
76766546,ANKLE SUPPORT XTRA LARGE (PHARMA SURGE),1,MEDICAL SUPPLIES,Zero Rated
98223473,BABY MASK FOR SPACER DEVICE,1,MEDICAL SUPPLIES,Zero Rated
26865514,BABY MEDICINE MEASURE,1,MEDICAL SUPPLIES,Zero Rated
5072,BLOOD GLUCOSE MONITOR (G MATE FOR ANDROID PHONES),1,MEDICAL SUPPLIES,Zero Rated
83157100,BP MACHINE (UPPER ARM) BATTERY,1,MEDICAL SUPPLIES,Zero Rated
33658515,CANNULA IV 16G,1,MEDICAL SUPPLIES,Zero Rated
66192658,CANNULA IV 18G,1,MEDICAL SUPPLIES,Zero Rated
000000,CANNULA IV 20G,1,MEDICAL SUPPLIES,Zero Rated
88715452,CANNULA IV 24G,1,MEDICAL SUPPLIES,Zero Rated
35073,CATHETER - FOLEYS 14G,1,MEDICAL SUPPLIES,Zero Rated
35075,CATHETER - FOLEYS 16G,1,MEDICAL SUPPLIES,Zero Rated
35074,CATHETER - FOLEYS 18G,1,MEDICAL SUPPLIES,Zero Rated
35072,CATHETER - FOLEYS 20G,5,MEDICAL SUPPLIES,Zero Rated
35071,CATHETER - FOLEYS 22G,5,MEDICAL SUPPLIES,Zero Rated
85772249,CODE FREE STRIPS  - 25`S,25,MEDICAL SUPPLIES,Zero Rated
41245830,CODEFREE STRIPS,50,MEDICAL SUPPLIES,Zero Rated
74377495,CONFORMIN BANDAGES 100MM,1,MEDICAL SUPPLIES,Zero Rated
61324910,CONFORMIN BANDAGES 50MM,1,MEDICAL SUPPLIES,Zero Rated
92313112,CORD CLAMP,1,MEDICAL SUPPLIES,Zero Rated
71616521,COSMOPOR 10CM X 20CM,1,MEDICAL SUPPLIES,Zero Rated
68818979,COSMOPOR 10CM X25CM,1,MEDICAL SUPPLIES,Zero Rated
64359589,COSMOPOR 8CM X 15CM,1,MEDICAL SUPPLIES,Zero Rated
64275823,CREPE BANDAGE 100MM,1,MEDICAL SUPPLIES,Zero Rated
15576472,CREPE BANDAGE 150MM,1,MEDICAL SUPPLIES,Zero Rated
65871323,CREPE BANDAGE 50MM,1,MEDICAL SUPPLIES,Zero Rated
52447684,CREPE BANDAGE 75MM,1,MEDICAL SUPPLIES,Zero Rated
48727149,DERMAPLAST DISPENSAR FABRIC,1,MEDICAL SUPPLIES,Zero Rated
10075195,DERMAPLAST DISPENSAR WATERPROOF,1,MEDICAL SUPPLIES,Zero Rated
53295581,DERMAPLAST SPORT/WATER RES. 20S,1,MEDICAL SUPPLIES,Zero Rated
27869192,DETTOL ANTISEPTIC LIQUID 125ML,1,MEDICAL SUPPLIES,Standard Rate (15%)
49961767,DETTOL ANTISEPTIC LIQUID 250ML,1,MEDICAL SUPPLIES,Standard Rate (15%)
35090,FLUID ADMIN (PAEDIATRIC),1,MEDICAL SUPPLIES,Zero Rated
72016687,FLUID GIVING SET,1,MEDICAL SUPPLIES,Zero Rated
5689425,FOREHEAD / EAR THERMOMETER,1,MEDICAL SUPPLIES,Zero Rated
36138,GAUZE COMPRESS  10CM STER,1,MEDICAL SUPPLIES,Zero Rated
42888743,GAUZE COMPRESS 10CM N/S,1,MEDICAL SUPPLIES,Zero Rated
36137,GAUZE COMPRESS 5CM,1,MEDICAL SUPPLIES,Zero Rated
36009,GAUZE COMPRESS 7.5CM,1,MEDICAL SUPPLIES,Zero Rated
29121,GLUCOMETER 50`S STRIP (DISPENSARY),50,MEDICAL SUPPLIES,Zero Rated
79342029,GLUCOPLUS STRIPS  50`S,1,MEDICAL SUPPLIES,Zero Rated
69070096,HIV 1|2 RAPID CASSETTE TEST (1 TEST),1,MEDICAL SUPPLIES,Zero Rated
34849229,INSULIN SYRINGE 1ML,1,MEDICAL SUPPLIES,Zero Rated
45629441,KNEE SUPPORT LARGE (PHARMA SURGE),1,MEDICAL SUPPLIES,Zero Rated
70567850,KNEE SUPPORT MEDIUM (PHARMA SURGE),1,MEDICAL SUPPLIES,Zero Rated
29122,LANCETS 100`S,100,MEDICAL SUPPLIES,Zero Rated
16453542,LANCETS 200`S,1,MEDICAL SUPPLIES,Zero Rated
66830542,LATEX GLOVES L,1,MEDICAL SUPPLIES,Zero Rated
62132512,LATEX GLOVES LARGE 1`S,1,MEDICAL SUPPLIES,Zero Rated
84055575,LATEX GLOVES M,1,MEDICAL SUPPLIES,Zero Rated
64643157,LATEX GLOVES MEDIUM 1`S,1,MEDICAL SUPPLIES,Zero Rated
23935030,MALARIA RAPID CASSETTE TEST (1 TEST),1,MEDICAL SUPPLIES,Zero Rated
61124896,METHYLATED SPIRIT 100MLS,100,MEDICAL SUPPLIES,Zero Rated
26478364,METHYLATED SPIRITS,5000,MEDICAL SUPPLIES,Zero Rated
83485497,MICROPORE 5 X 50 MM,1,MEDICAL SUPPLIES,Zero Rated
54833039,MICROPORE TAPE 2.5 CM,1,MEDICAL SUPPLIES,Zero Rated
98177022,NEEDLES 21G,1,MEDICAL SUPPLIES,Zero Rated
50659536,NEEDLES 23G,1,MEDICAL SUPPLIES,Zero Rated
21171,NOVOFINE (INSULIN) NEEDLES,1,MEDICAL SUPPLIES,Zero Rated
51536120,OLYMPIAN ANKLE SUPPORT LARGE,1,MEDICAL SUPPLIES,Zero Rated
75275410,OLYMPIAN ELBOW SUPPORT LARGE,1,MEDICAL SUPPLIES,Zero Rated
35557281,OLYMPIAN WRIST SUPPORT SMALL,1,MEDICAL SUPPLIES,Zero Rated
36516914,ORTHOWOOL 100MM,1,MEDICAL SUPPLIES,Zero Rated
79570113,ORTHOWOOL 150MM,1,MEDICAL SUPPLIES,Zero Rated
30656429,OVULATION U TEST MIDSTREAM SINGLE 3 TEST,1,MEDICAL SUPPLIES,Zero Rated
53119093,PAUL`S TUBING SMALL,1,MEDICAL SUPPLIES,Zero Rated
35252,PLASTER OF PARIS BANDAGES 10CM,1,MEDICAL SUPPLIES,Zero Rated
35253,PLASTER OF PARIS BANDAGES 15CM,1,MEDICAL SUPPLIES,Zero Rated
35251,PLASTER OF PARIS BANDAGES 5CM,1,MEDICAL SUPPLIES,Zero Rated
44422023,PREGNANCT TEST CASETTES,1,MEDICAL SUPPLIES,Zero Rated
29797383,PREGNANCY TEST STRIPS,1,MEDICAL SUPPLIES,Zero Rated
47937948,READING GLASSES (+1),1,MEDICAL SUPPLIES,Zero Rated
66017617,READING GLASSES (+1.5),1,MEDICAL SUPPLIES,Zero Rated
42949454,READING GLASSES (+2),1,MEDICAL SUPPLIES,Zero Rated
19380127,READING GLASSES (+3),1,MEDICAL SUPPLIES,Zero Rated
55612493,READING GLASSES (MAGNIVISION),1,MEDICAL SUPPLIES,Zero Rated
39893466,READING GLASSES CASE +4,1,MEDICAL SUPPLIES,Zero Rated
32871441,SAFETY PINS 10S INTENSCARE,1,MEDICAL SUPPLIES,Zero Rated
49977656,SAFETY SCISSORS METAL FAV INTENSCARE,1,MEDICAL SUPPLIES,Zero Rated
45774575,SAVLON ANTISEPTIC 75ML 34032,1,MEDICAL SUPPLIES,Standard Rate (15%)
51440394,SD CHECK STRIPS,50,MEDICAL SUPPLIES,Zero Rated
80119338,SD CHECK STRIPS 25`S,1,MEDICAL SUPPLIES,Zero Rated
10208,SPACER DEVICE,1,MEDICAL SUPPLIES,Zero Rated
13270,SURGICAL BLADES,1,MEDICAL SUPPLIES,Zero Rated
35139,SURGICAL SPIRITS,5000,MEDICAL SUPPLIES,Zero Rated
33641541,SYRINGE 20ML,1,MEDICAL SUPPLIES,Zero Rated
30683314,SYRINGE 5ML WITH NEEDLE,1,MEDICAL SUPPLIES,Zero Rated
21545736,SYRINGE WITH NEEDLE 10ML,1,MEDICAL SUPPLIES,Zero Rated
27315031,SYRINGE WITH NEEDLE 3ML,1,MEDICAL SUPPLIES,Zero Rated
81667506,THERMOMETER (DIGITAL),1,MEDICAL SUPPLIES,Zero Rated
64595362,TRIANGULAR BANDAGES,1,MEDICAL SUPPLIES,Zero Rated
47574752,URINE BAG,1,MEDICAL SUPPLIES,Zero Rated
35011147,URINE BAG (PAEDIATRIC),1,MEDICAL SUPPLIES,Zero Rated
72649813,VARICOSE VEINS STOCKING PAIR,1,MEDICAL SUPPLIES,Zero Rated
18113220,WOW BANDAGE 150MM 3M,1,MEDICAL SUPPLIES,Zero Rated
15709773,WOW BANDAGES 100MM X 3M,1,MEDICAL SUPPLIES,Zero Rated
34137517,WOW BANDAGES 50MM X 3M,1,MEDICAL SUPPLIES,Zero Rated
13052879,WOW BANDAGES 75MM X 3M,1,MEDICAL SUPPLIES,Zero Rated
35147,ZINC OXIDE PLASTER BPC 10CM,1,MEDICAL SUPPLIES,Zero Rated
35148,ZINC OXIDE PLASTER BPC 5CM,1,MEDICAL SUPPLIES,Zero Rated
35146,ZINC OXIDE PLASTER BPC 7.5CM,1,MEDICAL SUPPLIES,Zero Rated
90761947,ZINC OXIDWE PLASTER 2.5CM 5M,1,MEDICAL SUPPLIES,Zero Rated
50829196,AARAM OINTMENT 25G HEAT RUB,1,OVER THE COUNTER,Zero Rated
21830934,ACCUCHECK ACTIVE STRIPS 50`S,1,OVER THE COUNTER,Zero Rated
16045,ACTIFED SYRUP 100ML SYRUP,1,OVER THE COUNTER,Zero Rated
16047,ACTIFED TABLETS 20`S,20,OVER THE COUNTER,Zero Rated
44710837,ADCO-DOL 20S,20,OVER THE COUNTER,Zero Rated
96064740,ADCO-DOL TABLETS,100,OVER THE COUNTER,Zero Rated
10086,ADCO-LINCTOPENT 100ML SYRUP,100,OVER THE COUNTER,Zero Rated
20729,ALBENDAZOLE  400MG CHEWABLE TABLETS,1,OVER THE COUNTER,Zero Rated
13842987,ALBENDAZOLE (100MG/5ML) SUSPENSION 20ML,1,OVER THE COUNTER,Zero Rated
33579526,ALLERBAN SYRUP 100ML,1,OVER THE COUNTER,Zero Rated
5391,ALLERGEX 100ML SYRUP,1,OVER THE COUNTER,Zero Rated
1037997,ALLERGEX EYE DROPS 15MILS,1,OVER THE COUNTER,Zero Rated
531626,ALLERGEX MEPYRAMINE CREAM 25G,1,OVER THE COUNTER,Zero Rated
20766,AMALAR TABS(PYRIMETHAMINE&SULPHADOXINE),3,OVER THE COUNTER,Zero Rated
16215,ANDOLEX C ORAL RINSE,1,OVER THE COUNTER,Zero Rated
16220,ANDOLEX C THROAT SPRAY,30,OVER THE COUNTER,Zero Rated
11126,ANUSOL OINTMENT - 25GM,1,OVER THE COUNTER,Zero Rated
11127,ANUSOL SUPPOSITORIES,10,OVER THE COUNTER,Zero Rated
5131,ASALEN TABLETS 20`S,20,OVER THE COUNTER,Zero Rated
57627226,ASHTON AND PARSONS POWDER,1,OVER THE COUNTER,Zero Rated
2348,ASPIRIN 300MG TABLETS,1000,OVER THE COUNTER,Zero Rated
2525,ASPIRIN CARDIO BAYER 300MG (ENTERIC),30,OVER THE COUNTER,Zero Rated
16032,AURONE EAR DROPS 15ML,1,OVER THE COUNTER,Zero Rated
16033,AURONE FORTE EAR DROPS 15 ML,1,OVER THE COUNTER,Zero Rated
2279,BAYER ASPIRIN CARDIO 100MG,30,OVER THE COUNTER,Zero Rated
56820924,BENNETS BABY BUM CREAM 150GM 0033,1,OVER THE COUNTER,Zero Rated
57346413,BENYLIN 4 FLU,200,OVER THE COUNTER,Zero Rated
48236168,BENYLIN CHESTY,100,OVER THE COUNTER,Zero Rated
46231561,BENYLIN DRY,100,OVER THE COUNTER,Zero Rated
16535142,BENYLIN ORIGINAL,100,OVER THE COUNTER,Zero Rated
96319671,BENZOIC ACID,1,OVER THE COUNTER,Zero Rated
13321,BENZYL BENZOATE APPLICATION,100,OVER THE COUNTER,Zero Rated
50570980,BETACO COLD SYRUP,1,OVER THE COUNTER,Zero Rated
45268430,BETADINE MOUTHWASH,1,OVER THE COUNTER,Zero Rated
13056,BETADINE SOLUTION,1000,OVER THE COUNTER,Zero Rated
2480,BETAMOL PAEDIATRIC SYRUP,100,OVER THE COUNTER,Zero Rated
2488,BETAPRO DM 100ML,20,OVER THE COUNTER,Zero Rated
2130,BETAPRO SYRUP,100,OVER THE COUNTER,Zero Rated
68337381,BIO OIL 60ML,1,OVER THE COUNTER,Zero Rated
34010,BIOPLUS SYRUP,200,OVER THE COUNTER,Zero Rated
011017,BISACODYL 5MG TABLETS,100,OVER THE COUNTER,Zero Rated
50623,BISOPROLOL 10MG TABLETS,30,OVER THE COUNTER,Zero Rated
53653994,BLOOD GLUCOSE,1,OVER THE COUNTER,Zero Rated
70819322,BOTTLE BRUSH AND TEAT CLEANER,1,OVER THE COUNTER,Zero Rated
20173613,BP CHECK,1,OVER THE COUNTER,Zero Rated
10256,BRONCHOPED SYRUP,100,OVER THE COUNTER,Zero Rated
47953954,BUMP PATROL 65ML,1,OVER THE COUNTER,Zero Rated
2537,CAFEMOL ADULT TABLETS 2`S,1,OVER THE COUNTER,Zero Rated
2531,CAFEMOL CHILDREN`S SIZE TABLETS,1,OVER THE COUNTER,Zero Rated
13323,CALAMINE CREAM 100G (+5),100,OVER THE COUNTER,Zero Rated
13079,CALAMINE LOTION,100,OVER THE COUNTER,Zero Rated
79854381,CALCIUM WITH CALCITRIOL,30,OVER THE COUNTER,Zero Rated
66182614,CANDEREL 100`S TABLETS,1,OVER THE COUNTER,Zero Rated
36239,CASTOR OIL 100ML,100,OVER THE COUNTER,Zero Rated
96965511,CAUSTIC PENCIL,1,OVER THE COUNTER,Zero Rated
16029,CEPACOL  HONEY AND LEMON LOZENGES,24,OVER THE COUNTER,Zero Rated
55588567,CEPACOL MENTHOL LOZENGES,1,OVER THE COUNTER,Zero Rated
16028,CEPACOL ORAL ANTISEPTIC MOUTHWASH 200ML,200,OVER THE COUNTER,Zero Rated
5408,CHLORPHENIRAMINE 4MG  TABLETS,1000,OVER THE COUNTER,Zero Rated
29348433,CHOATS C/RUB 50G,1,OVER THE COUNTER,Zero Rated
10269,CHOATS COUGH SYRUP 100ML,100,OVER THE COUNTER,Zero Rated
10273,CHOATS COUGH SYRUP 50ML,50,OVER THE COUNTER,Zero Rated
75771988,CHOATS VAPOUR RUB 20G,1,OVER THE COUNTER,Zero Rated
11277,CIMETIDINE 200MG TABLETS,20,OVER THE COUNTER,Zero Rated
168888,CIPYNE 30`S CAPSULES,30,OVER THE COUNTER,Zero Rated
18792,CITRO SODA GRANULES,120,OVER THE COUNTER,Zero Rated
35724089,CITRO SODA REGULAR 60G,1,OVER THE COUNTER,Zero Rated
18815,CITRO SODA SACHETS,1,OVER THE COUNTER,Zero Rated
2495,CO-CODAMOL TABLETS,100,OVER THE COUNTER,Zero Rated
13354,COAL TAR 6.5% OINTMENT,100,OVER THE COUNTER,Zero Rated
13016,COAL TAR OINTMENT 50G,1,OVER THE COUNTER,Zero Rated
36256,COD LIVER OIL 100ML,1,OVER THE COUNTER,Zero Rated
77126942,CODE FREE GLUCOMETER,1,OVER THE COUNTER,Zero Rated
5088,COLCAPS CAPSULES,20,OVER THE COUNTER,Zero Rated
5090,COLCAPS SYRUP,100,OVER THE COUNTER,Zero Rated
73512933,COPPER SULPHATE 100G,1,OVER THE COUNTER,Zero Rated
30381995,CORILIEF SYRUP,1,OVER THE COUNTER,Zero Rated
48091591,CORILIEF TABLETS 24`S,1,OVER THE COUNTER,Zero Rated
90067155,CORSODYL (MINT) MOUTHWASH,1,OVER THE COUNTER,Zero Rated
16221,CORSODYL (ORIGINAL) MOUTHWASH,1,OVER THE COUNTER,Zero Rated
22097,DATVITAMIN SYRUP 200ML,200,OVER THE COUNTER,Zero Rated
86773658,DEEP HEAT 35G,1,OVER THE COUNTER,Zero Rated
20530,DELTAPRIM PAEDIATRIC SYRUP,30,OVER THE COUNTER,Zero Rated
20259,DELTAPRIM TABLETS,30,OVER THE COUNTER,Zero Rated
13380,DERVACORT CREAM 15G,1,OVER THE COUNTER,Zero Rated
13227,DERVACORT OINT 20G,1,OVER THE COUNTER,Zero Rated
35026,DEXTROSE INJ 5% IN WATER,1000,OVER THE COUNTER,Zero Rated
010085,DILINCT COUGH MIXTURE 100ML,1,OVER THE COUNTER,Zero Rated
11683179,DISPRIN 300MG TABLETS (12),12,OVER THE COUNTER,Zero Rated
2162,DISPRIN 300MG TABLETS (24),24,OVER THE COUNTER,Zero Rated
98862835,DOXSYN TABLETS 20`S,20,OVER THE COUNTER,Zero Rated
29788352,E45 CREAM 125G,1,OVER THE COUNTER,Zero Rated
26086254,E45 CREAM 50G,1,OVER THE COUNTER,Zero Rated
50880252,EAR PIERCING+STUDS+SURGICAL SPIRIT,1,OVER THE COUNTER,Zero Rated
11390367,ELOVERA 50G,1,OVER THE COUNTER,Zero Rated
13329,EMBROCATION,100,OVER THE COUNTER,Zero Rated
41856740,ENO ORANGE,1,OVER THE COUNTER,Zero Rated
33597289,ENO REGULAR,1,OVER THE COUNTER,Zero Rated
41453865,ENSURE CHOCOLATE 400G,1,OVER THE COUNTER,Zero Rated
91328470,ENSURE NG 400G  STRAWBERRY,1,OVER THE COUNTER,Zero Rated
29033784,ENSURE NUTRIVIGOR VANILLA 400G,1,OVER THE COUNTER,Zero Rated
98668350,EUCALYPTUS 50ML  OIL,1,OVER THE COUNTER,Zero Rated
17154161,EUCALYPTUS OIL 25ML,1,OVER THE COUNTER,Zero Rated
75450183,EUCO RUB 10G,1,OVER THE COUNTER,Zero Rated
72263253,EVERYSUN AFTERSUN LOTION 125ML,1,OVER THE COUNTER,Zero Rated
10100,EXPELINCT 100ML COUGH SYRUP,100,OVER THE COUNTER,Zero Rated
59395219,EYE GENE 10ML,1,OVER THE COUNTER,Zero Rated
60112960,EYE GENE 15ML,1,OVER THE COUNTER,Zero Rated
15232,EYE GENE 5ML,1,OVER THE COUNTER,Zero Rated
8011,FERROUS SULPHATE 200MG TABLETS,1000,OVER THE COUNTER,Zero Rated
13034,FISSAN PASTE 50G BUM 21026703,1,OVER THE COUNTER,Zero Rated
5145,FLUMED COUGH SYRUP,100,OVER THE COUNTER,Zero Rated
5008,FLUMED TABLETS (24`S),24,OVER THE COUNTER,Zero Rated
5006,FLUMEL TABLETS,1,OVER THE COUNTER,Zero Rated
5007,FLUMEL TABLETS,100,OVER THE COUNTER,Zero Rated
5133,FOUR  C S COUGH SYRUP,100,OVER THE COUNTER,Zero Rated
50913,FRESUBIN ORIGINAL 1.0KCAL  1000ML,1000,OVER THE COUNTER,Zero Rated
50912,FRESUBIN PROTEIN ENERGY 1.5KCAL 200ML,200,OVER THE COUNTER,Zero Rated
13333,GAMMA BENZENE HEXACHLORIDE,100,OVER THE COUNTER,Zero Rated
56836223,GAVISCON ADVANCE A/SEED 200ML,1,OVER THE COUNTER,Zero Rated
12265814,GAVISCON LIQUID 150ML ANISEED,1,OVER THE COUNTER,Zero Rated
49551447,GAVISCON LIQUID 150ML PEPPERMINT,1,OVER THE COUNTER,Zero Rated
49522233,GAVISCON LIQUID 150ML PLUS,150,OVER THE COUNTER,Zero Rated
61541836,GAVISCON LIQUID 300ML ANISEED,1,OVER THE COUNTER,Zero Rated
10166227,GAVISCON LIQUID 300ML PEPPERMINT,1,OVER THE COUNTER,Zero Rated
10054,GEES LINCTUS 100ML,100,OVER THE COUNTER,Zero Rated
10262,GEES LINCTUS 200ML,200,OVER THE COUNTER,Zero Rated
050019,GEN-PAYNE CAPSULES 30`S,1,OVER THE COUNTER,Zero Rated
36222,GENTIAN VIOLET SOLUTION 100ML,100,OVER THE COUNTER,Zero Rated
36221,GENTIAN VIOLET SOLUTION 50ML,50,OVER THE COUNTER,Zero Rated
13363,GERMOLENE OINTMENT 20G TUBE,20,OVER THE COUNTER,Zero Rated
11027,GLUCOPECT SUSPENSION 200ML,200,OVER THE COUNTER,Zero Rated
69675563,GLUCOPECT SUSPESION 100ML,1,OVER THE COUNTER,Zero Rated
13375,GLYCERIN AND ICTHAMMOL 100ML,100,OVER THE COUNTER,Zero Rated
12854044,GLYCERIN AND ICTHAMMOL 750ML,750,OVER THE COUNTER,Zero Rated
11057,GLYCERINE SUPPS - ADULTS,12,OVER THE COUNTER,Zero Rated
11058,GLYCERINE SUPPS - CHILD,12,OVER THE COUNTER,Zero Rated
2486,GOLDGESIC SYRUP,100,OVER THE COUNTER,Zero Rated
61497134,GRANDPA  POWDER SATCHETS,1,OVER THE COUNTER,Zero Rated
10230,GRAYS COUGH SYRUP 50ML,50,OVER THE COUNTER,Zero Rated
150222,GRAYS GRIPE WATER 100MLS,1,OVER THE COUNTER,Zero Rated
11312,GRAYS MILK OF MAGNESIA 100ML,1,OVER THE COUNTER,Zero Rated
16217,GRAYS THROAT LOZENGES,1,OVER THE COUNTER,Zero Rated
58426,HISTACET (CETERIZINE) SYRUP 100ML,100,OVER THE COUNTER,Zero Rated
10018,HISTALIX  D  SYRUP,100,OVER THE COUNTER,Zero Rated
13394,HYDROGEN PEROXIDE VOL 10 100ML,1,OVER THE COUNTER,Zero Rated
13385,HYDROGEN PEROXIDE VOL 20 100ML,1,OVER THE COUNTER,Zero Rated
72506857,HYDROGEN PEROXIDE VOL 30 100ML,1,OVER THE COUNTER,Zero Rated
35443566,HYDROGEN PEROXIDE VOL 40 100ML,1,OVER THE COUNTER,Zero Rated
54689,ISPAHUSK 3.5G SATCHETS,1,OVER THE COUNTER,Zero Rated
11097,KAOPECTIN SUSPENSION,1,OVER THE COUNTER,Zero Rated
54590137,KOSOREX (NORMAL) COUGH SYRUP 100ML,1,OVER THE COUNTER,Zero Rated
69774619,KOSOREX DS COUGH SYRUP 100ML,1,OVER THE COUNTER,Zero Rated
23246975,KROKO CORN REMOVER 15G,1,OVER THE COUNTER,Zero Rated
35137,KY LUB JELLY STERILE 50G,1,OVER THE COUNTER,Zero Rated
011337,LIQUID PARAFFIN,100,OVER THE COUNTER,Zero Rated
79833498,LISTERINE ANTISEPTIC MOUTHWASH 250ML,1,OVER THE COUNTER,Zero Rated
33540771,LOKAL SWEETENERS,1,OVER THE COUNTER,Zero Rated
11301,LOPERAMIDE 2MG CAPSULES (10`S),1,OVER THE COUNTER,Zero Rated
66396670,MAALOX PLUS 150ML SUSPENSION,150,OVER THE COUNTER,Zero Rated
84565365,MAALOX PLUS 350ML SUSPENSION,1,OVER THE COUNTER,Zero Rated
19237414,MAALOX PLUS SUSPENSION 150ML,1,OVER THE COUNTER,Zero Rated
30672556,MAALOX PLUS SUSPENSION 350ML,1,OVER THE COUNTER,Zero Rated
68138247,MAALOX SUSPENSION 150ML,150,OVER THE COUNTER,Zero Rated
11289,MAALOX SUSPENSION 350ML,350,OVER THE COUNTER,Zero Rated
11288,MAALOX TABLETS 10`S,10,OVER THE COUNTER,Zero Rated
11320,MAGNESIUM TRISILICATE 250MG TABLETS,1000,OVER THE COUNTER,Zero Rated
11066,MAGNESIUM TRISILICATE MIXTURE 500ML,500,OVER THE COUNTER,Zero Rated
51461679,MED LEMON CHERRY,1,OVER THE COUNTER,Zero Rated
37639986,MED LEMON MENTHOL,1,OVER THE COUNTER,Zero Rated
44832593,MED LEMON VITAMIN C,1,OVER THE COUNTER,Zero Rated
22013,MEDOX MULTIVITS,100,OVER THE COUNTER,Zero Rated
22016,MEDOX VITAMIN  B CO  TABLETS,100,OVER THE COUNTER,Zero Rated
22102,MEDOX VITAMIN  C  CHEWABLE TABS,50,OVER THE COUNTER,Zero Rated
2135,MEFENAMIC ACID 100ML SUSPENSION,100,OVER THE COUNTER,Zero Rated
2501,MEFENAMIC ACID 250MG CAPSULES 10`S,10,OVER THE COUNTER,Zero Rated
10121,MENTHIES COUGH SYRUP,100,OVER THE COUNTER,Zero Rated
68963352,MENTHIES THROAT LOZENGES PEPPERMINT,16,OVER THE COUNTER,Zero Rated
10154,MENTHOL CRYSTALS (DISPENSARY),100,OVER THE COUNTER,Zero Rated
33770854,MENTHOL CRYSTALS 25G (OTC),1,OVER THE COUNTER,Zero Rated
58283735,MENTHOMINTS,1,OVER THE COUNTER,Zero Rated
5386,MEPYRAMINE CREAM 20G,1,OVER THE COUNTER,Zero Rated
36067,MERCUROCHROME 100ML,1,OVER THE COUNTER,Zero Rated
21823921,MILTON STERILISING TABS 32 13121,1,OVER THE COUNTER,Zero Rated
13122,MMT SUSPENSION 200ML,1,OVER THE COUNTER,Zero Rated
15214,MOISOL EYE DROPS,5,OVER THE COUNTER,Zero Rated
10267,MR STRONG COUGH MIXTURE 100ML,100,OVER THE COUNTER,Zero Rated
22014,MULTIVITAMIN TABLETS,1000,OVER THE COUNTER,Zero Rated
12002,MYCOSPOR CREAM (BIFONAZOLE),15,OVER THE COUNTER,Zero Rated
30499555,MYPRODOL,30,OVER THE COUNTER,Zero Rated
111320,NEUTRAGEL SUSPENSION 100ML,1,OVER THE COUNTER,Zero Rated
11132,NEUTRAGEL SUSPENSION 200ML,1,OVER THE COUNTER,Zero Rated
26758788,NOVACID 4`S,1,OVER THE COUNTER,Zero Rated
11308,NOVACID TABLETS (ALUM.HYDROX),100,OVER THE COUNTER,Zero Rated
84565569,OLIVE OIL 100ML,1,OVER THE COUNTER,Zero Rated
11957274,OROFER SYRUP,1,OVER THE COUNTER,Zero Rated
60658410,OTRIVIN ADULTS SPRAY METERED DOSE 10ML,1,OVER THE COUNTER,Zero Rated
758361,OTRIVIN CHILDREN SPRAY METERED DOSE 10ML,1,OVER THE COUNTER,Zero Rated
82360347,OTRIVIN DROPS ADULTS 10ML,1,OVER THE COUNTER,Zero Rated
16004,OTRIVIN DROPS CHILDREN 10MILS,1,OVER THE COUNTER,Zero Rated
015007,OXYTETRACYCLINE TOPICAL OINTMENT (BIOTET),1,OVER THE COUNTER,Zero Rated
2201,PAINEEZE TABLETS 4`S,1,OVER THE COUNTER,Zero Rated
2232,PANADENE TABLETS,50,OVER THE COUNTER,Zero Rated
2264,PANADO 500MG TABLETS,100,OVER THE COUNTER,Zero Rated
50862543,PANADO SYRUP 100ML,1,OVER THE COUNTER,Zero Rated
2439,PARACETAMOL 125MG SUPPOSITORIES,10,OVER THE COUNTER,Zero Rated
2524,PARACETAMOL 125MG/5ML SYRUP,2000,OVER THE COUNTER,Zero Rated
2346,PARACETAMOL 500MG SUPPOSITORIES,10,OVER THE COUNTER,Zero Rated
2265,PARACETAMOL 500MG TABLETS,100,OVER THE COUNTER,Zero Rated
2448,PARACETAMOL 500MG TABLETS (FEBREX),10,OVER THE COUNTER,Zero Rated
2372,PARACETAMOL SYRUP (+5) 100ML,100,OVER THE COUNTER,Zero Rated
24175085,PARAFFIN GAUZE 10`S,1,OVER THE COUNTER,Zero Rated
13145,PODOPHYLLIN COMPOUND PAINT,20,OVER THE COUNTER,Zero Rated
2349,PONSTAN 250MG CAPSULES 20`S,1,OVER THE COUNTER,Zero Rated
13125,POTASSIUM PERMANGANATE 100G,100,OVER THE COUNTER,Zero Rated
00003,POTASSIUM PERMANGANATE 25G,1,OVER THE COUNTER,Zero Rated
13128,POTASSIUM PERMANGANATE 50G,50,OVER THE COUNTER,Zero Rated
13000,POVIDONE IODINE OINTMENT 25G,25,OVER THE COUNTER,Zero Rated
22244,PREGNATAL TABLETS,30,OVER THE COUNTER,Zero Rated
5442,PROMETHAZINE (5MG/5ML) SYRUP 100ML,100,OVER THE COUNTER,Zero Rated
5048,PROMETHAZINE 10MG TABLETS,100,OVER THE COUNTER,Zero Rated
5050,PROMETHAZINE 25MG TABLETS,100,OVER THE COUNTER,Zero Rated
49880767,PROPAIN TABLETS 100`S,100,OVER THE COUNTER,Zero Rated
80263812,PROPAIN TABLETS 20`S,1,OVER THE COUNTER,Zero Rated
56892,PYNGO TABLETS,50,OVER THE COUNTER,Zero Rated
2363,PYNSTOP TABLETS,50,OVER THE COUNTER,Zero Rated
50143820,PYRIDOXINE 25MG TABLETS,1000,OVER THE COUNTER,Zero Rated
8061,RANFERON-12 CAPSULES,30,OVER THE COUNTER,Zero Rated
36734968,RAZOR BLADE (SUPER MAX) 1`S,1,OVER THE COUNTER,Standard Rate (15%)
60132171,RAZOR BLADE (SUPER MAX) 5`S,5,OVER THE COUNTER,Standard Rate (15%)
19847798,RELCER GEL 100ML,100,OVER THE COUNTER,Zero Rated
13101,RELCER GEL 180ML,180,OVER THE COUNTER,Zero Rated
11224,RUBRAGEL 200ML SUSPENSION,200,OVER THE COUNTER,Zero Rated
8084,SAFERON CHEWABLE TABLETS,1,OVER THE COUNTER,Zero Rated
8080,SAFERON SYRUP (IRON SYRUP),1,OVER THE COUNTER,Zero Rated
20736,SALBUTAMOL (ASTHALIN) INHALER,200,OVER THE COUNTER,Zero Rated
48550751,SENSODYNE MULTICARE TOOTHPASTE 75ML,1,OVER THE COUNTER,Standard Rate (15%)
51832095,SENSODYNE REPAIR &PROTECT,1,OVER THE COUNTER,Standard Rate (15%)
778818,SINUTAB NASAL SPRAY 10ML,1,OVER THE COUNTER,Zero Rated
5381,SINUTAB TABS  ND (NON-DROWSY),10,OVER THE COUNTER,Zero Rated
35152,SKIN TRACTION KITS- PEAD,1,OVER THE COUNTER,Zero Rated
24027,SLOW MAG CAPS 10,10,OVER THE COUNTER,Zero Rated
10068,SOLPHYLLEX COUGH SYRUP,200,OVER THE COUNTER,Zero Rated
10070,SOLPHYLLIN,200,OVER THE COUNTER,Zero Rated
60735486,SSD CREAM 100G,1,OVER THE COUNTER,Zero Rated
62823620,STAMETA  (MULTIVITAMIN) 500ML,1,OVER THE COUNTER,Zero Rated
48416628,STAMETA (MULTIVITAMIN) 250ML,1,OVER THE COUNTER,Zero Rated
2171,STOPAYNE SYRUP,1,OVER THE COUNTER,Zero Rated
16070,STREPSILS  LEMON HONEY,24,OVER THE COUNTER,Zero Rated
44181594,STREPSILS 4S HONEY AND LEMON,1,OVER THE COUNTER,Zero Rated
16069,STREPSILS EUCALYPTUS 24`S,24,OVER THE COUNTER,Zero Rated
94458155,STREPSILS EUCALYPTUS 4`S,1,OVER THE COUNTER,Zero Rated
160680,STREPSILS HONEY & LEMON 8S,1,OVER THE COUNTER,Zero Rated
16071,STREPSILS LOZENGES INTENSIVE 12`S,12,OVER THE COUNTER,Zero Rated
13177,SULPHUR OINTMENT 50G,1,OVER THE COUNTER,Zero Rated
95510142,SYNATURA COUGH SYRUP,1,OVER THE COUNTER,Zero Rated
76564597,TEA TREE 25ML OIL,1,OVER THE COUNTER,Zero Rated
10278992,TEA TREE 50ML OIL,1,OVER THE COUNTER,Zero Rated
219031,TEARS NATURALE PRESERVATIVE FREE 4ML,1,OVER THE COUNTER,Zero Rated
52370399,TECHNIBLOCK SPF40 SUNPROTECT 75ML CITRO,1,OVER THE COUNTER,Zero Rated
21934525,TECHNIBLOCK SPF40 SUNPROTECT STICK 36G,1,OVER THE COUNTER,Zero Rated
36251,TEEGEL 10G,1,OVER THE COUNTER,Zero Rated
11083,TELAMENT COLIC DROPS,1,OVER THE COUNTER,Zero Rated
10828444,TELAMENT GRIPE WATER 150ML,1,OVER THE COUNTER,Zero Rated
42079593,TETRACYCLINE EYE OINTMENT,1,OVER THE COUNTER,Zero Rated
42967761,TOOTHACHE DROPS,1,OVER THE COUNTER,Zero Rated
1054575,UNIVERSAL 15ML EYE DROPS,1,OVER THE COUNTER,Zero Rated
500984,UNIVERSAL 15ML NASAL DROPS,1,OVER THE COUNTER,Zero Rated
5120,VALOID SYRUP,50,OVER THE COUNTER,Zero Rated
5195,VALOID(CYCLIZINE) 50MG 10`S,10,OVER THE COUNTER,Zero Rated
10265,VARIFLEX SYRUP 200ML,200,OVER THE COUNTER,Zero Rated
12017,VERMOX 100MG  TABLETS,6,OVER THE COUNTER,Zero Rated
12018,VERMOX 500MG (SINGLE DOSE),1,OVER THE COUNTER,Zero Rated
21345111,VICKS BABY RUB 50G 1078547,1,OVER THE COUNTER,Zero Rated
39576876,VICKS INHALER,1,OVER THE COUNTER,Zero Rated
29029210,VICKS TINS,1,OVER THE COUNTER,Zero Rated
45698,VITAMAKS SYRUP 200ML,1,OVER THE COUNTER,Zero Rated
22248,VITAMIN C 100MG TABLETS (VARICHEM),60,OVER THE COUNTER,Zero Rated
61917040,VITAMIN D3 DROPS 20ML (COLIEF),1,OVER THE COUNTER,Zero Rated
61754897,WATER GUARD PURI SOLN 150ML,1,OVER THE COUNTER,Zero Rated
25596493,WAXSOL EAR DROPS,1,OVER THE COUNTER,Zero Rated
13371,WHITFIELDS OINTMENT 50G,100,OVER THE COUNTER,Zero Rated
13083,WHITFIELD`S OINTMENT 100G,100,OVER THE COUNTER,Zero Rated
13373,WINTERGREEN OINTMENT,50,OVER THE COUNTER,Zero Rated
40833846,WOODS LOSENGES MULTIPACK ORIGINAL,3,OVER THE COUNTER,Zero Rated
10216,WOODS PEPPERMINT ADULT COUGH SYRUP,100,OVER THE COUNTER,Zero Rated
72949088,WOODS PEPPERMINT C/SYRUP  CHN 100ML,1,OVER THE COUNTER,Zero Rated
30166058,WOODS PEPPERMINT CHN COUGH SYRUP 50ML,1,OVER THE COUNTER,Zero Rated
10215,WOODS PEPPERMINT COUGH ADULT SYRUP 50ML,50,OVER THE COUNTER,Zero Rated
11203,WOODWARDS GRIPE WATER,150,OVER THE COUNTER,Zero Rated
13286,ZAMBUK HERBAL LIP BALM,1,OVER THE COUNTER,Zero Rated
13288,ZAMBUK LIP BALM,7,OVER THE COUNTER,Zero Rated
13335,ZAMBUK OINMENT CHERRY,1,OVER THE COUNTER,Zero Rated
13289,ZAMBUK OINTMENT 16G,1,OVER THE COUNTER,Zero Rated
18501789,ZESTRAL 18MG TABLETS  300`S,1,OVER THE COUNTER,Zero Rated
13376,ZINC AND CASTOR OIL OINTMENT,50,OVER THE COUNTER,Zero Rated
61298326,ZINC HYDRA,1,OVER THE COUNTER,Zero Rated
0000036,ZINC OXIDE OINTMENT 100G,50,OVER THE COUNTER,Zero Rated
13401,ZINC SULPHATE 20MG TABLETS,100,OVER THE COUNTER,Zero Rated
013164,,1,DISPENSARY-PIM,Zero Rated
20834,ACYCLOVIR 5% (M/M) CREAM 15G,1,DISPENSARY-PIM,Zero Rated
13405,ADAPALENE (DERIVA) GEL,1,DISPENSARY-PIM,Zero Rated
3156,ALLOPURINOL 100MG TABLETS (MORNINGSIDE),100,DISPENSARY-PIM,Zero Rated
3131,ALLOPURINOL 100MG TABLETS (VARICHEM),100,DISPENSARY-PIM,Zero Rated
2517,BESEMAX TABLETS (PARACETAMOL/ORPHENADRINE),100,DISPENSARY-PIM,Zero Rated
13304,CANDID 20G CREAM (CLOTRIMAZOLE),1,DISPENSARY-PIM,Zero Rated
13386,CANDID B CREAM(CLOTRIMAZOLE+BETAMETHASON,15,DISPENSARY-PIM,Zero Rated
13305,CANDID B LOTION (CLOTRIMAZOLE),15,DISPENSARY-PIM,Zero Rated
84198436,CANDID DUSTING PWDR,1,DISPENSARY-PIM,Zero Rated
15213,CANDID EAR DROPS,15,DISPENSARY-PIM,Zero Rated
13110,CANDID LOTION 20ML,1,DISPENSARY-PIM,Zero Rated
16225,CANDID MOUTH PAINT,20,DISPENSARY-PIM,Zero Rated
18826,CANDID V GEL,1,DISPENSARY-PIM,Zero Rated
42892536,CANDID V1 500MG PESSARY,1,DISPENSARY-PIM,Zero Rated
18827,CANDID V6 PESSARIES 100MG,1,DISPENSARY-PIM,Zero Rated
18782,CLOSCRIPT (CLOTRIMAZOLE) VAGINAL CREAM,50,DISPENSARY-PIM,Zero Rated
20747,CLOTRIMAZOLE VAGINAL CREAM (VARICHEM),1,DISPENSARY-PIM,Zero Rated
45094245,CONTROL  PILL,1,DISPENSARY-PIM,Zero Rated
3128,DICLOFENAC GEL BP,50,DISPENSARY-PIM,Zero Rated
12957448,DURO-TUSS LINCTUS 200ML SYRUP,200,DISPENSARY-PIM,Zero Rated
13326,ECONAZOLE DUSTING POWDER,50,DISPENSARY-PIM,Zero Rated
20649,FLUCONAZOLE 50MG,30,DISPENSARY-PIM,Zero Rated
20845,FLUCONAZOLE TABLETS 200MG,35,DISPENSARY-PIM,Zero Rated
3176,IBUPROFEN 100MG/5ML SUSPENSION,100,DISPENSARY-PIM,Zero Rated
3157,IBUPROFEN TABLETS 200MG TAB (BLISTER),1000,DISPENSARY-PIM,Zero Rated
3175,IBUPROFEN TABLETS 400MG TAB,1000,DISPENSARY-PIM,Zero Rated
3184,INDOGEL GEL,25,DISPENSARY-PIM,Zero Rated
18061,LOGYNON ED TABLETS,28,DISPENSARY-PIM,Zero Rated
55529923,LUMARTEM (ARTMETHER/LUMEFANTRINE),24,DISPENSARY-PIM,Zero Rated
95711625,LUMARTEM - 40/240MG,12,DISPENSARY-PIM,Zero Rated
21112822,MEDI-TAR SHAMPOO 400ML,1,DISPENSARY-PIM,Zero Rated
95729146,MEDI-ZINC SHAMPOO 400ML,1,DISPENSARY-PIM,Zero Rated
20748,MICONAZOLE (2%) VAGINAL CREAM,40,DISPENSARY-PIM,Zero Rated
16231,MICONAZOLE ORAL GEL,1,DISPENSARY-PIM,Zero Rated
13192,MICONAZOLE TOPICAL CREAM 15G (VARICHEM),1,DISPENSARY-PIM,Zero Rated
13232,MICONAZOLE+HYDROCORTISONE (2%/1% W/W) CREAM,1,DISPENSARY-PIM,Zero Rated
80928310,MORNING AFTER (PREGNON),1,DISPENSARY-PIM,Zero Rated
13390,MUPIROCIN (SUPIROCIN) OINTMENT,1,DISPENSARY-PIM,Zero Rated
3016,NAPROXEN 250MG TABLETS,500,DISPENSARY-PIM,Zero Rated
20374,NIZORAL(KETOCONAZOLE) CREAM,15,DISPENSARY-PIM,Zero Rated
3116,NUROFEN 250MG TABLETS 24`S,12,DISPENSARY-PIM,Zero Rated
20500,NYSTACID OINTMENT (NYASTATIN),15,DISPENSARY-PIM,Zero Rated
20665,NYSTATIN PESSARIES,15,DISPENSARY-PIM,Zero Rated
78553334,OMEPRAZOLE 40MG TCAPSULES,14,DISPENSARY-PIM,Zero Rated
20822,PRAZIQUANTEL 600MG TAB,10,DISPENSARY-PIM,Zero Rated
79199187,RAY CLEANSER,2000,DISPENSARY-PIM,Zero Rated
65071678,RAY TAR SHAMPOO 2000ML,1,DISPENSARY-PIM,Zero Rated
13393,SCABOMA CREAM 25G,25,DISPENSARY-PIM,Zero Rated
79789584,SECURE TABLETS,1,DISPENSARY-PIM,Zero Rated
65366462,SELSUN 2.5% SHAMPOO 50ML 180003,1,DISPENSARY-PIM,Zero Rated
19491426,SELSUN BLUE SHAMPOO 150ML EXTRA MED 180000,1,DISPENSARY-PIM,Zero Rated
1127950,TEARS NATURALE || 15ML (NEW),1,DISPENSARY-PIM,Zero Rated
3082,VOLTAREN EMULGEL,20,DISPENSARY-PIM,Zero Rated
3145,VOLTAREN RETARD 100MG,30,DISPENSARY-PIM,Zero Rated
3078,VOLTAREN SUPPOSITORIES 50MG,10,DISPENSARY-PIM,Zero Rated
65933525,ALWAYS MAXI THICK SUPER,1,POINT OF SALE,Standard Rate (15%)
91084471,ANABEL BABY WIPES 80`S,1,POINT OF SALE,Standard Rate (15%)
69098350,CADBURY MINT CRISP CHOCOLATE 80G,100,POINT OF SALE,Standard Rate (15%)
71665519,CARE CONDOM,1,POINT OF SALE,Standard Rate (15%)
56263120,CAREX ASSORTED,1,POINT OF SALE,Standard Rate (15%)
62211862,CAREX DOTTED,1,POINT OF SALE,Standard Rate (15%)
9556564707295,CAREX MULTI PLEASURE,1,POINT OF SALE,Standard Rate (15%)
47433064,CAREX RIBBED,1,POINT OF SALE,Standard Rate (15%)
62975686,CAREX ROUGH & TOUGH,1,POINT OF SALE,Standard Rate (15%)
69390872,CAREX STRAWBERRY,1,POINT OF SALE,Standard Rate (15%)
27770823,CAREX SUPER THIN,1,POINT OF SALE,Standard Rate (15%)
36287210,CAREX ULTIMATE PLEASURE,1,POINT OF SALE,Standard Rate (15%)
42773636,CAREX ULTRA SAFE,1,POINT OF SALE,Standard Rate (15%)
9556564707288,CAREX ZERO THIN,1,POINT OF SALE,Standard Rate (15%)
96539449,COMFREY ADULT DIAPERS 10S L,1,POINT OF SALE,Standard Rate (15%)
56118536,COMFREY ADULT DIAPERS 10S XL,1,POINT OF SALE,Standard Rate (15%)
12146417,COMFREY ADULT DIAPERS PULLUP 10`S,1,POINT OF SALE,Standard Rate (15%)
13096637,CONTROL LICE 60ML LIQUID,1,POINT OF SALE,Standard Rate (15%)
15599871,CRYSTAL MINTS 1`S,1,POINT OF SALE,Standard Rate (15%)
18718858,DENTYNE STRWABERRY,1,POINT OF SALE,Standard Rate (15%)
77173599,EAR BUDS 100`S,1,POINT OF SALE,Standard Rate (15%)
27943739,EPIMAX JUNIOR LOTION WITH PUMP 450G,1,POINT OF SALE,Standard Rate (15%)
16580479,EPIMAX JUNIOR MOIST CREAM 400G,1,POINT OF SALE,Standard Rate (15%)
29926722,EPIMAX JUNIOR TUBE 100G,1,POINT OF SALE,Standard Rate (15%)
36291151,EPIMAX LOTION WITH PUMP 450G,1,POINT OF SALE,Standard Rate (15%)
39160093,EPIMAX MOIST CREAM 125G,1,POINT OF SALE,Standard Rate (15%)
43160024,EPIMAX MOIST CREAM 400G,1,POINT OF SALE,Standard Rate (15%)
70365286,EPIMAX PLUS+ ENHANCED MOISTURISER CREAM 400G,1,POINT OF SALE,Standard Rate (15%)
77935441,FACE MASK TIE ON 3 PLY,1,POINT OF SALE,Standard Rate (15%)
35153,FACE MASKS,1,POINT OF SALE,Standard Rate (15%)
30096084,GILLETTE BLUE II PLUS DISPOSABLE CARD,1,POINT OF SALE,Standard Rate (15%)
57927514,GILLETTE SILVER BLUE BLADES 5`S,1,POINT OF SALE,Standard Rate (15%)
76960685,GLUCOSE POWDER 100G (STOCK DRIVE),1,POINT OF SALE,Standard Rate (15%)
46697540,GLUCOSE POWDER 250G (STOCK DRIVE),1,POINT OF SALE,Standard Rate (15%)
61238611,HONEY 500G,1,POINT OF SALE,Standard Rate (15%)
28288197,INECTO ORIGINAL SUPER BLACK 25ML SATCHETS,1,POINT OF SALE,Standard Rate (15%)
99910990,INECTO ORIGINAL SUPER BLACK 25ML TUBES,1,POINT OF SALE,Standard Rate (15%)
60180750,LIL-LETS PADS (8) SCENTED,1,POINT OF SALE,Standard Rate (15%)
24445471,LIL-LETS PADS (8) UNSCENTED,1,POINT OF SALE,Standard Rate (15%)
45938283,LUCKY OIL,1,POINT OF SALE,Standard Rate (15%)
60418863,NO CAL SWEETENERS 100`S,1,POINT OF SALE,Standard Rate (15%)
26796655,PROTECTOR BANANA,1,POINT OF SALE,Standard Rate (15%)
30258927,PROTECTOR PLUS OG,1,POINT OF SALE,Standard Rate (15%)
73636117,PROTECTOR STRAWBERRY,1,POINT OF SALE,Standard Rate (15%)
18298411,PROTECTOR VANILLA,1,POINT OF SALE,Standard Rate (15%)
33942472,TURBOVITE CREAM SODA,1,POINT OF SALE,Standard Rate (15%)
62158072,TURBOVITE GRAPE,1,POINT OF SALE,Standard Rate (15%)
73312655,TURBOVITE M/BERRY,1,POINT OF SALE,Standard Rate (15%)
18979988,TURBOVITE ORANGE,1,POINT OF SALE,Standard Rate (15%)
62894558,AFRO - COMB,1,POS RECEIVED NONE VAT REGISTERED SUPPLIER,Standard Rate (15%)
93891246,ALWAYS MAXI PLUS 10 2677591,1,POS RECEIVED NONE VAT REGISTERED SUPPLIER,Standard Rate (15%)
51990649,BENNETS BABY BUM CREAM 20G 088,1,POS RECEIVED NONE VAT REGISTERED SUPPLIER,Standard Rate (15%)
48703316,BORACIC ACID 100G,100,POS RECEIVED NONE VAT REGISTERED SUPPLIER,Standard Rate (15%)
61042342,CARD  ALL CODES,1,POS RECEIVED NONE VAT REGISTERED SUPPLIER,Standard Rate (15%)
28481017,CLERE CREAM 125ML,1,POS RECEIVED NONE VAT REGISTERED SUPPLIER,Standard Rate (15%)
42036924,COMFREY ADULT DIAPERS 10S M,14,POS RECEIVED NONE VAT REGISTERED SUPPLIER,Standard Rate (15%)
63612930,DETTOL WET WIPES,1,POS RECEIVED NONE VAT REGISTERED SUPPLIER,Standard Rate (15%)
56100,E45 CREAM 500G,1,POS RECEIVED NONE VAT REGISTERED SUPPLIER,Standard Rate (15%)
13213,ESKAMEL ACNE + PIMPLE OINTMENT 20G 56197,20,POS RECEIVED NONE VAT REGISTERED SUPPLIER,Standard Rate (15%)
000002,ESKAMEL CLEANSING BAR 75G 59985,1,POS RECEIVED NONE VAT REGISTERED SUPPLIER,Standard Rate (15%)
28610339,EYE LINER ALL COLOURS,1,POS RECEIVED NONE VAT REGISTERED SUPPLIER,Standard Rate (15%)
36125,EYE PADS 4S,1,POS RECEIVED NONE VAT REGISTERED SUPPLIER,Standard Rate (15%)
79330208,GENTLE MAGIC LOTION,1,POS RECEIVED NONE VAT REGISTERED SUPPLIER,Standard Rate (15%)
53369452,GENTLE MAGIC OIL 50ML,1,POS RECEIVED NONE VAT REGISTERED SUPPLIER,Standard Rate (15%)
64197958,GENTLE MAGIC SERUM,1,POS RECEIVED NONE VAT REGISTERED SUPPLIER,Standard Rate (15%)
57244790,GENTLE MAGIC SOAP,1,POS RECEIVED NONE VAT REGISTERED SUPPLIER,Standard Rate (15%)
28017233,GYNA GUARD ULTIMATE WASH 140ML,1,POS RECEIVED NONE VAT REGISTERED SUPPLIER,Standard Rate (15%)
89186150,HAIR OIL 100ML,1,POS RECEIVED NONE VAT REGISTERED SUPPLIER,Standard Rate (15%)
99899840,HAIR OIL 50ML,1,POS RECEIVED NONE VAT REGISTERED SUPPLIER,Standard Rate (15%)
90932284,HAIR REMOVER (AYAAN),1,POS RECEIVED NONE VAT REGISTERED SUPPLIER,Standard Rate (15%)
5268,HEMATONIC SYRUP 200ML,1,POS RECEIVED NONE VAT REGISTERED SUPPLIER,Standard Rate (15%)
43584684,HOLY OIL,1,POS RECEIVED NONE VAT REGISTERED SUPPLIER,Standard Rate (15%)
14330546,J4K BREAST PUMP WITH FEEDING BOTTLE,1,POS RECEIVED NONE VAT REGISTERED SUPPLIER,Standard Rate (15%)
66580034,J4K FEEDING BOTTLE 60ML,1,POS RECEIVED NONE VAT REGISTERED SUPPLIER,Standard Rate (15%)
84296445,J4K FEEDING BOTTLE BLUE 240ML,1,POS RECEIVED NONE VAT REGISTERED SUPPLIER,Standard Rate (15%)
98266594,J4K WIDE NECK FEEDING BOTTLE BLUE 160ML,1,POS RECEIVED NONE VAT REGISTERED SUPPLIER,Standard Rate (15%)
74349983,J4K WIDE NECK FEEDING BOTTLE PINK 160ML,1,POS RECEIVED NONE VAT REGISTERED SUPPLIER,Standard Rate (15%)
74082720,JOHNSON AND JOHNSON ANTISEPTIC POWDER 200G,1,POS RECEIVED NONE VAT REGISTERED SUPPLIER,Standard Rate (15%)
96263521,JOHNSON AND JOHNSON BABY AQUEOUS CREAM 350ML,1,POS RECEIVED NONE VAT REGISTERED SUPPLIER,Standard Rate (15%)
97211099,JOHNSON AND JOHNSON BABY SOAP (PINK) 100G,1,POS RECEIVED NONE VAT REGISTERED SUPPLIER,Standard Rate (15%)
28880610,JOHNSON AND JOHNSON JELLY SCENTED 100ML,1,POS RECEIVED NONE VAT REGISTERED SUPPLIER,Standard Rate (15%)
76958236,JOHNSON AND JOHNSON OIL 125ML 32548,1,POS RECEIVED NONE VAT REGISTERED SUPPLIER,Standard Rate (15%)
62997197,KOTEX MAXI ALL NIGHTER  + DUO 16 703376,1,POS RECEIVED NONE VAT REGISTERED SUPPLIER,Standard Rate (15%)
64560740,KOTEX MAXI ALL NIGHTER+DUO 16 703376,1,POS RECEIVED NONE VAT REGISTERED SUPPLIER,Standard Rate (15%)
87024264,KOTEX TAMPON REGULAR 16 1352261,1,POS RECEIVED NONE VAT REGISTERED SUPPLIER,Standard Rate (15%)
35136,KY LUB JELLY STERILE 82G,1,POS RECEIVED NONE VAT REGISTERED SUPPLIER,Standard Rate (15%)
16214,LISTERINE 250ML ADV WHITE 872286,1,POS RECEIVED NONE VAT REGISTERED SUPPLIER,Standard Rate (15%)
16222,LISTERINE 250ML COOLMINT 53107,1,POS RECEIVED NONE VAT REGISTERED SUPPLIER,Standard Rate (15%)
33550220,LISTERINE 250ML FRESHBURT 53111,1,POS RECEIVED NONE VAT REGISTERED SUPPLIER,Standard Rate (15%)
16213,LISTERINE 250ML MOUTHWASH 53114,1,POS RECEIVED NONE VAT REGISTERED SUPPLIER,Standard Rate (15%)
19331488,LISTERINE 250ML TEETH AND GUM DEFENCE 53149,1,POS RECEIVED NONE VAT REGISTERED SUPPLIER,Standard Rate (15%)
83087556,MOSQUITO REPELLANT,1,POS RECEIVED NONE VAT REGISTERED SUPPLIER,Standard Rate (15%)
53669490,NAIL CUTTER,1,POS RECEIVED NONE VAT REGISTERED SUPPLIER,Standard Rate (15%)
36861503,NAIL FILES,1,POS RECEIVED NONE VAT REGISTERED SUPPLIER,Standard Rate (15%)
76857832,PEACEFUL SLEEP AEROSOL 150G 135810,1,POS RECEIVED NONE VAT REGISTERED SUPPLIER,Standard Rate (15%)
30761795,PEACEFUL SLEEP CREAM 100ML F/CARE 139038,1,POS RECEIVED NONE VAT REGISTERED SUPPLIER,Standard Rate (15%)
49895819,PEACEFUL SLEEP LOTION 150ML,1,POS RECEIVED NONE VAT REGISTERED SUPPLIER,Standard Rate (15%)
39249673,PEACEFUL SLEEP MOS ROOM SPR 180ML 135900,1,POS RECEIVED NONE VAT REGISTERED SUPPLIER,Standard Rate (15%)
31290690,PEACEFUL SLEEP R/STICK 30G F/CARE 139037,1,POS RECEIVED NONE VAT REGISTERED SUPPLIER,Standard Rate (15%)
17412425,PREGNANCY TEST MID STREAM,1,POS RECEIVED NONE VAT REGISTERED SUPPLIER,Standard Rate (15%)
69192533,RAYTAR SHAMPOO 100ML,1,POS RECEIVED NONE VAT REGISTERED SUPPLIER,Standard Rate (15%)
65915483,REPLACE VANILLA,1,POS RECEIVED NONE VAT REGISTERED SUPPLIER,Standard Rate (15%)
87665942,SCISSORS,1,POS RECEIVED NONE VAT REGISTERED SUPPLIER,Standard Rate (15%)
31439693,SCRUNCH MINI,3,POS RECEIVED NONE VAT REGISTERED SUPPLIER,Standard Rate (15%)
47912051,STUDS,1,POS RECEIVED NONE VAT REGISTERED SUPPLIER,Standard Rate (15%)
24817287,TAIL COMB,1,POS RECEIVED NONE VAT REGISTERED SUPPLIER,Standard Rate (15%)
12123823,TAMPAX TAMPONS 12 SUPER 025351,1,POS RECEIVED NONE VAT REGISTERED SUPPLIER,Standard Rate (15%)
87362372,TAMPAX TAMPONS 12 SUPER PLUS 025344,1,POS RECEIVED NONE VAT REGISTERED SUPPLIER,Standard Rate (15%)
93883092,TAMPAX TAMPONS 20 SUPER NEW 362999,1,POS RECEIVED NONE VAT REGISTERED SUPPLIER,Standard Rate (15%)
68346183,TAMPAX TAMPONS REGULAR 0252320,1,POS RECEIVED NONE VAT REGISTERED SUPPLIER,Standard Rate (15%)
86024140,TOOTHBRUSH (GENERIC),1,POS RECEIVED NONE VAT REGISTERED SUPPLIER,Standard Rate (15%)
29765126,VAYA SMOOTH MALE 30ML,1,POS RECEIVED NONE VAT REGISTERED SUPPLIER,Standard Rate (15%)
24285914,VAYA SMOOTH MALE 7.5ML,1,POS RECEIVED NONE VAT REGISTERED SUPPLIER,Standard Rate (15%)
62837310,VIMBELLA,1,POS RECEIVED NONE VAT REGISTERED SUPPLIER,Standard Rate (15%)
003064,ACECLOFENAC 100MG TABLETS,50,DISPENSARY-PP09,Zero Rated
15223,ACETAZOLAMIDE 250MG TABLETS,100,DISPENSARY-PP09,Zero Rated
13171,ACETONE 50ML PAKMED,50,DISPENSARY-PP09,Zero Rated
10094,ACTIFED 50ML SYRUP,50,DISPENSARY-PP09,Zero Rated
010119,ACULAR (KETOROLAC) EYE DROPS,1,DISPENSARY-PP09,Zero Rated
20797,ACYCLOVIR 200MG TABLETS,100,DISPENSARY-PP09,Zero Rated
20792,ACYCLOVIR 200MG/5ML SUSPENSION  125ML,125,DISPENSARY-PP09,Zero Rated
2268,ADCO MEFENAMIC SUSPENSION 100ML,100,DISPENSARY-PP09,Zero Rated
5427,ADRENALIN INJECTION ***PSMAS CODED***,1,DISPENSARY-PP09,Zero Rated
5036,ADRENALINE INJECTION 1ML,1,DISPENSARY-PP09,Zero Rated
3051,ALENDRONATE 70MG TABLETS,4,DISPENSARY-PP09,Zero Rated
13301,ALLERDERM CREAM (HYDROCORTISONE) 20G,20,DISPENSARY-PP09,Zero Rated
1085,AMITRIPTYLINE 25MG TABLETS,100,DISPENSARY-PP09,Zero Rated
20592,AMOXICILLIN 125MG/5ML SUSPENSION,100,DISPENSARY-PP09,Zero Rated
20381,AMOXICILLIN 500MG CAPSULES,21,DISPENSARY-PP09,Zero Rated
20360,AMOXICILLIN/CLAVULANIC ACID 156MG/5ML SUSPENSION 100ML,100,DISPENSARY-PP09,Zero Rated
20732,AMOXICILLIN/CLAVULANIC ACID 1G TABLETS,10,DISPENSARY-PP09,Zero Rated
20364,AMOXICILLIN/CLAVULANIC ACID 312MG/5ML SUSPENSION,100,DISPENSARY-PP09,Zero Rated
20762,AMOXICILLIN/CLAVULANIC ACID 375MG TABLETS,60,DISPENSARY-PP09,Zero Rated
20572,AMOXICILLIN/CLAVULANIC ACID 625MG TABLETS,15,DISPENSARY-PP09,Zero Rated
20081,AMOXYCILLIN 250MG CAPSULES,1000,DISPENSARY-PP09,Zero Rated
20591,AMOXYCILLIN 250MG/5ML  SUSPENSION,100,DISPENSARY-PP09,Zero Rated
20811,AMOXYCILLIN 500MG CAPSULES,500,DISPENSARY-PP09,Zero Rated
20193,AMPHOTORICIN B 50MG INJECTION,1,DISPENSARY-PP09,Zero Rated
2324,ANTALGIC SYRUP,100,DISPENSARY-PP09,Zero Rated
5181,ANTHISAN CREAM (WAS 23001),1,DISPENSARY-PP09,Zero Rated
15200,ATROPINE EYE DROPS (1%) 5ML,1,DISPENSARY-PP09,Zero Rated
2018,ATROPINE SULPHATE INJECTION 1ML,1,DISPENSARY-PP09,Zero Rated
20634,AUGMENTIN BD S 228.5MG(70ML),70,DISPENSARY-PP09,Zero Rated
20632,AUGMENTIN BD SF 457MG (70ML),70,DISPENSARY-PP09,Zero Rated
20795,AUGMENTIN BD TABLETS,10,DISPENSARY-PP09,Zero Rated
20450,AZITHROMYCIN 200MG/5ML SUSPENSION,15,DISPENSARY-PP09,Zero Rated
20439,AZITHROMYCIN 2G SUSPENSION,60,DISPENSARY-PP09,Zero Rated
50109,AZITHROMYCIN 500MG TABLETS (GENERIC),6,DISPENSARY-PP09,Zero Rated
20807,AZITHROMYCIN 500MG TABLETS (ZITHROMAX),3,DISPENSARY-PP09,Zero Rated
2272,BACLOFEN TABLETS 10MG,30,DISPENSARY-PP09,Zero Rated
16226,BECLOMETHASONE INHALER 200MCG,200,DISPENSARY-PP09,Zero Rated
16064,BECLOMETHASONE NASAL SPRAY,7.5,DISPENSARY-PP09,Zero Rated
20093,BENZATHINE PENICILLIN 2.4 INJECTION,1,DISPENSARY-PP09,Zero Rated
5390,BENZHEXOL  5MG TABLETS ***PSMAS CODED***,100,DISPENSARY-PP09,Zero Rated
5370,BENZHEXOL 5MG TABLETS (APO-TRIHEX),100,DISPENSARY-PP09,Zero Rated
20095,BENZYLPENICILLIN 5MU INJECTION,1,DISPENSARY-PP09,Zero Rated
10204,BETAFED COUGH SYRUP,100,DISPENSARY-PP09,Zero Rated
15080,BETAGAN EYE DROPS,7.5,DISPENSARY-PP09,Zero Rated
13021,BETAMETHASONE CREAM,15,DISPENSARY-PP09,Zero Rated
13023,BETAMETHASONE OINTMENT,15,DISPENSARY-PP09,Zero Rated
15025,BRIMONIDINE 0.2% EYE DROPS (ALPHAGAN),1,DISPENSARY-PP09,Zero Rated
50152,BROMAZEPAM 3MG TABLETS,30,DISPENSARY-PP09,Zero Rated
21294,BROMOCRIPTINE 2.5MG TABLETS,100,DISPENSARY-PP09,Zero Rated
2454,CARBAMAZEPINE 200MG TABLETS (STRIDES),100,DISPENSARY-PP09,Zero Rated
2453,CARBAMAZEPINE 200MG TABLETS (TORRENT),100,DISPENSARY-PP09,Zero Rated
2376,CARBAMAZIPINE (100MG/5ML) SYRUP,100,DISPENSARY-PP09,Zero Rated
21326,CARBIMAZOLE 10MG TABLETS,100,DISPENSARY-PP09,Zero Rated
21303,CARBIMAZOLE 20MG TABLETS,100,DISPENSARY-PP09,Zero Rated
91364051,CARBIMAZOLE 5MG TABLETS (GENERIC),100,DISPENSARY-PP09,Zero Rated
3096,CATAFLAM 50MG TABLETS,20,DISPENSARY-PP09,Zero Rated
20385,CEFACLOR 125MG/5ML SUSPENSION,75,DISPENSARY-PP09,Zero Rated
20597,CEFACLOR 250MG/5ML SUSPENSION,75,DISPENSARY-PP09,Zero Rated
20552,CEFACLOR 500MG TABLETS,60,DISPENSARY-PP09,Zero Rated
20595,CEFACLOR MR 375MG,10,DISPENSARY-PP09,Zero Rated
20497,CEFALEXIN 125MG/5ML SUSP 100ML,100,DISPENSARY-PP09,Zero Rated
20509,CEFALEXIN CAPSULES 250MG,100,DISPENSARY-PP09,Zero Rated
20851,CEFTRIAXONE 1G INJECTION,1,DISPENSARY-PP09,Zero Rated
050185,CEFUROXIME (ZINNAT) 250MG GENERIC TABLETS,10,DISPENSARY-PP09,Zero Rated
20357,CEFUROXIME 125MG/5ML SUSPENSION,100,DISPENSARY-PP09,Zero Rated
20318,CEFUROXIME 250MG TABLETS,10,DISPENSARY-PP09,Zero Rated
20319,CEFUROXIME 500MG TABLETS,10,DISPENSARY-PP09,Zero Rated
20359,CEFUROXIME 50MLS SUSPENSION ***PSMAS CODED***,1,DISPENSARY-PP09,Zero Rated
3186,CELECOXIB 100MG CAPSULES,100,DISPENSARY-PP09,Zero Rated
3185,CELECOXIB 200MG CAPSULES,100,DISPENSARY-PP09,Zero Rated
16054,CERUMOL DROPS,1,DISPENSARY-PP09,Zero Rated
5041,CETIRIZINE (ALERID) 10MG TABLETS,30,DISPENSARY-PP09,Zero Rated
005192,CETIRIZINE (ZYNET) 10MG,200,DISPENSARY-PP09,Zero Rated
32003,CHARCOAL ACTIVATED,1,DISPENSARY-PP09,Zero Rated
20438,CHLORAMPHENICOL 250MG CAPSULES,100,DISPENSARY-PP09,Zero Rated
15058,CHLORAMPHENICOL EYE OINTMENT,1,DISPENSARY-PP09,Zero Rated
15226,CHLORAMPHENICOL EYE OINTMENT,3.5,DISPENSARY-PP09,Zero Rated
15212,CHLORAMPHENICOL EYE OINTMENT,3.5,DISPENSARY-PP09,Zero Rated
2005,CHLORPROMAZINE 100MG TABLETS,100,DISPENSARY-PP09,Zero Rated
2074,CHLORPROMAZINE 25MG TABLETS,1000,DISPENSARY-PP09,Zero Rated
2109,CHLORPROMAZINE 50MG  INJECTION,1,DISPENSARY-PP09,Zero Rated
11345,CIMETIDINE 400MG TABLETS,100,DISPENSARY-PP09,Zero Rated
5128,CINNARIZINE 25MG (STUGERON),50,DISPENSARY-PP09,Zero Rated
20434,CIPROBAY 500MG TABS (CIPROFLOXACIN) FML,10,DISPENSARY-PP09,Zero Rated
15228,CIPROFLOXACIN  EYE EAR DROPS,1,DISPENSARY-PP09,Zero Rated
050006,CIPROFLOXACIN 125MG/5ML SUSP (BAYER CIPROBAY),100,DISPENSARY-PP09,Zero Rated
20340,CIPROFLOXACIN 250MG TABLETS,100,DISPENSARY-PP09,Zero Rated
20867,CIPROFLOXACIN 250MG/5ML SUSP (BAYER CIPROBAY),100,DISPENSARY-PP09,Zero Rated
20366,CIPROFLOXACIN 500MG TABLETS,100,DISPENSARY-PP09,Zero Rated
87651114,CISPLATIN 50MG/50ML INJECTION,1,DISPENSARY-PP09,Zero Rated
20557,CLARITHROMYCIN 500MG TABLETS,20,DISPENSARY-PP09,Zero Rated
20776,CLINDAMYCIN 1% (DALACIN T) LOTION,30,DISPENSARY-PP09,Zero Rated
20604,CLINDAMYCIN 150MG CAPSULES,100,DISPENSARY-PP09,Zero Rated
20204,CLINDAMYCIN 75MG/5ML (DALACIN C) SUSPENSION,80,DISPENSARY-PP09,Zero Rated
13025,CLOBETASOL CREAM 0.05% 15G,1,DISPENSARY-PP09,Zero Rated
18778,CLOMIPHENE 50MG TABS,10,DISPENSARY-PP09,Zero Rated
1091,CLOMIPRAMIN - 25MG (ANAFRANIL),30,DISPENSARY-PP09,Zero Rated
2138,CLONAZEPAM 0.5MG TABLETS,50,DISPENSARY-PP09,Zero Rated
2140,CLONAZEPAM 2MG TABLETS,30,DISPENSARY-PP09,Zero Rated
7163,CLOPIDROGEL 75MG TABLETS,30,DISPENSARY-PP09,Zero Rated
050831,CLOPIXOL DEPOT 200MG/1ML INJECTION,1,DISPENSARY-PP09,Zero Rated
15384659,CLOPIXOL DEPOT 50MG/ML INJECTION,1,DISPENSARY-PP09,Zero Rated
18850,CLOTRIMAZOLE 100MG  PESSARY (6) (VARICHEM),1,DISPENSARY-PP09,Zero Rated
20159,CLOXACILLIN 250MG CAPSULES,100,DISPENSARY-PP09,Zero Rated
20163,CLOXACILLIN 500MG INJECTION,1,DISPENSARY-PP09,Zero Rated
13157,COAL TAR (20%W/V) SOLUTION,100,DISPENSARY-PP09,Zero Rated
2514,CODEINE PHOSPHATE TABLETS 30MG,100,DISPENSARY-PP09,Zero Rated
3038,COLCHICINE 0.5MG TABLETS,50,DISPENSARY-PP09,Zero Rated
20219,COTRIMOXAZOLE (240MG/5ML) SUSP,100,DISPENSARY-PP09,Zero Rated
20828,COTRIMOXAZOLE 480MG TABLETS,100,DISPENSARY-PP09,Zero Rated
24007,DARROWS HALF STRENGTH 5%,1,DISPENSARY-PP09,Zero Rated
20217,DELTAPRIM TABLETS,1000,DISPENSARY-PP09,Zero Rated
21107,DEPO MEDROL 40MG/1ML,1,DISPENSARY-PP09,Zero Rated
21110,DEPO MEDROL 80MG/2ML,1,DISPENSARY-PP09,Zero Rated
18773,DEPO-PROVERA 150MG  INJ,1,DISPENSARY-PP09,Zero Rated
21055,DEXAMETHASONE (8MG/2ML) INJ,1,DISPENSARY-PP09,Zero Rated
26765614,DEXAMETHASONE 0.5MG TABLETS,100,DISPENSARY-PP09,Zero Rated
15201,DEXAMETHASONE EYE DROPS (MAXIDEX),1,DISPENSARY-PP09,Zero Rated
35029,DEXTROSE INJ 50% IN WATER,1,DISPENSARY-PP09,Zero Rated
35025,DEXTROSE INJ 50% IN WATER COLAPSABLE BAG,500,DISPENSARY-PP09,Zero Rated
13374,DIANE 35 TABLETS,1,DISPENSARY-PP09,Zero Rated
2342,DIAZEPAM 5MG TABLETS,500,DISPENSARY-PP09,Zero Rated
2270,DIAZEPAM INJECTION,1,DISPENSARY-PP09,Zero Rated
3112,DICLOFENAC 25MG TABLETS,100,DISPENSARY-PP09,Zero Rated
3125,DICLOFENAC 50MG TABLETS,100,DISPENSARY-PP09,Zero Rated
3108,DICLOFENAC 75MG/3ML INJECTION,1,DISPENSARY-PP09,Zero Rated
20522,DIFLUCAN 200MG TABLETS (FLUCONAZOLE),28,DISPENSARY-PP09,Zero Rated
6012,DIGOXIN 0.25MG TABLETS,100,DISPENSARY-PP09,Zero Rated
11018,DOMPERIDONE 10MG TABLETS,10,DISPENSARY-PP09,Zero Rated
11155,DOMPERIPONE-MOTILIUM SUSPENSION,100,DISPENSARY-PP09,Zero Rated
2317,DONEPEZIL 10MG TABLETS,28,DISPENSARY-PP09,Zero Rated
2240,DORMICUM(MIDAZOLAM) 15MG,10,DISPENSARY-PP09,Zero Rated
7168,DOXAZOSIN 2MG (GENERIC),28,DISPENSARY-PP09,Zero Rated
7167,DOXAZOSIN 4MG TABLETS (GENERIC),28,DISPENSARY-PP09,Zero Rated
20706,DOXYCYCLINE 100MG TABLETS,1000,DISPENSARY-PP09,Zero Rated
015106,DUOTRAV (TRAVOPROST + TIMOLOL) EYE DROPS,1,DISPENSARY-PP09,Zero Rated
11299,EAR BUDS 200`S,48,DISPENSARY-PP09,Zero Rated
8056,ENOXAPARIN 40MG INJECTION,1,DISPENSARY-PP09,Zero Rated
77536895,ENTAMIZOLE 200MG TABLETS,30,DISPENSARY-PP09,Zero Rated
2108,EPANUTIN(PHENYTOIN) 100MG CAPS,100,DISPENSARY-PP09,Zero Rated
15002,EPINASTINE 0.5MG/ML (RELESTAT),1,DISPENSARY-PP09,Zero Rated
20430,ERYTHROMYCIN 125MG/5ML SUSPENSION,100,DISPENSARY-PP09,Zero Rated
20394,ERYTHROMYCIN 250MG CAPSULES,100,DISPENSARY-PP09,Zero Rated
018158,ERYTHROPOITIN 4000IU INJECTION,1,DISPENSARY-PP09,Zero Rated
11369,ESOMEPRAZOLE 20MG TABLETS,10,DISPENSARY-PP09,Zero Rated
11362,ESOMEPRAZOLE 40MG TABLETS,10,DISPENSARY-PP09,Zero Rated
50559,ESTRIN 0.625 TABLETS,30,DISPENSARY-PP09,Zero Rated
15093,EXOCIN DROPS (OFLOXACIN),1,DISPENSARY-PP09,Zero Rated
5428,FEXOFENADINE TABLETS 120MG,30,DISPENSARY-PP09,Zero Rated
5429,FEXOFENADINE TABLETS 180MG,30,DISPENSARY-PP09,Zero Rated
21243,FINASTERIDE 5MG TAB,100,DISPENSARY-PP09,Zero Rated
20750,FLUCLOXACILLIN 125MG/5ML SUSPENSION,100,DISPENSARY-PP09,Zero Rated
15069,FLUOROMETHOLONE  EYE SUSPENSION,5,DISPENSARY-PP09,Zero Rated
1082,FLUOXETINE CAPSULES 20MG,100,DISPENSARY-PP09,Zero Rated
2465,FLUPHENAZINE 25MG 1ML INJECTION,1,DISPENSARY-PP09,Zero Rated
16091,FLUTICASONE (AVAMYS) AQ SPRAY,1,DISPENSARY-PP09,Zero Rated
16079,FLUTICASONE (FLOMIST) SPRAY,1,DISPENSARY-PP09,Zero Rated
22094,FOLIC ACID,1000,DISPENSARY-PP09,Zero Rated
18866,FRUSEMIDE 20MG INJECTION,1,DISPENSARY-PP09,Zero Rated
18763,FRUSEMIDE 40MG TABLETS (VARICHEM),1000,DISPENSARY-PP09,Zero Rated
18004,FRUSEMIDE 40MG TABS (PLUS 5),1000,DISPENSARY-PP09,Zero Rated
13190,FUSIDIC 15G CREAM,15,DISPENSARY-PP09,Zero Rated
29061,G MATE GLUCOSE STRIPS 50`S,50,DISPENSARY-PP09,Zero Rated
50344,GABAPENTIN 300MG (GABATOR) CAPSULES,30,DISPENSARY-PP09,Zero Rated
2471,GABAPENTIN 300MG CAPSULES,100,DISPENSARY-PP09,Zero Rated
74122671,GABAPENTINE 100MG CAPSULES,100,DISPENSARY-PP09,Zero Rated
20702,GENTAMICIN INJECTION,1,DISPENSARY-PP09,Zero Rated
2474,GOLDGESIC TABLETS,1000,DISPENSARY-PP09,Zero Rated
11306,GRAYS MILK OF MAGNESIA 50ML,50,DISPENSARY-PP09,Zero Rated
20602,GRISEOFULVIN 125MG TABLETS,1000,DISPENSARY-PP09,Zero Rated
20536,GRISEOFULVIN 125MG/5ML SUSPENSION,100,DISPENSARY-PP09,Zero Rated
20556,GRISEOFULVIN 250MG TABLETS,100,DISPENSARY-PP09,Zero Rated
20087,GRISEOFULVIN 500MG TABLETS,100,DISPENSARY-PP09,Zero Rated
50390,HALOPERIDOL 5MG TABLETS,100,DISPENSARY-PP09,Zero Rated
8051,HEPARIN INJECTION 5ML,1,DISPENSARY-PP09,Zero Rated
10016,HISTALIX PP 100ML COUGH SYRUP,100,DISPENSARY-PP09,Zero Rated
7239,HYDRALAZINE 10MG TABLETS,100,DISPENSARY-PP09,Zero Rated
18839,HYDRALAZINE 25MG INJECTION,1,DISPENSARY-PP09,Zero Rated
7143,HYDRALAZINE 50MG TABLETS,500,DISPENSARY-PP09,Zero Rated
21339,HYDROCORTISONE 100MG (WITH WATER),1,DISPENSARY-PP09,Zero Rated
21306,HYDROCORTISONE INJECTION 100MG,1,DISPENSARY-PP09,Zero Rated
21305,HYDROCORTISONE POWDER,25,DISPENSARY-PP09,Zero Rated
97436094,HYDROQUINONE  POWDER,100,DISPENSARY-PP09,Zero Rated
19866856,HYDROXYCARBAMIDE (HYDROXYUREA) 500MG,100,DISPENSARY-PP09,Zero Rated
11266,HYOSCINE 10MG INJ,1,DISPENSARY-PP09,Zero Rated
11317,HYOSCINE 20MG INJECTION,1,DISPENSARY-PP09,Zero Rated
11278,HYOSCINE BUTYLBROMIDE 10MG TABLETS,500,DISPENSARY-PP09,Zero Rated
7180,IMIGRAN TABLETS 50MG,2,DISPENSARY-PP09,Zero Rated
1055,IMIPRAMINE 10MG TABLETS,28,DISPENSARY-PP09,Zero Rated
1069,IMIPRAMINE 50MG TABLETS,100,DISPENSARY-PP09,Zero Rated
7093,INDAPAMIDE 1.5MG TABLETS,30,DISPENSARY-PP09,Zero Rated
3092,INDOMETHACIN 100MG (ARTHEREXIN )SUPPOSITORIES,10,DISPENSARY-PP09,Zero Rated
3113,INDOMETHACIN 25MG CAPSULES,1000,DISPENSARY-PP09,Zero Rated
00000006,IRON SUCROSE (VENOFER),1,DISPENSARY-PP09,Zero Rated
43511876,ISOPROPYL ALCOHOL,1000,DISPENSARY-PP09,Zero Rated
20801,ITRACONAZOLE 100MG CAPSULES,4,DISPENSARY-PP09,Zero Rated
20760,KANAMYCIN 1G INJECTION,1,DISPENSARY-PP09,Zero Rated
21216,KENALOG INJECTION,5,DISPENSARY-PP09,Zero Rated
13247,KETOCONAZOLE (ZINORAL) SHAMPOO,100,DISPENSARY-PP09,Zero Rated
20452,KETOCONAZOLE 200MG TABLETS,100,DISPENSARY-PP09,Zero Rated
13356,KETOCONAZOLE CREAM,15,DISPENSARY-PP09,Zero Rated
20402,KETOCONAZOLE SUSPENSION,100,DISPENSARY-PP09,Zero Rated
20802,KLACID(CLARITHROMYCIN) 125MG/5ML,50,DISPENSARY-PP09,Zero Rated
50866,LACTULOSE 3.35GM/5ML (200ML),200,DISPENSARY-PP09,Zero Rated
20481,LAMISIL CREAM 7.5G (TERBINAFINE),1,DISPENSARY-PP09,Zero Rated
002364,LAMOTRIGINE 25MG TABLETS,30,DISPENSARY-PP09,Zero Rated
002381,LAMOTRIGINE 50MG TABLETS,30,DISPENSARY-PP09,Zero Rated
11024,LANSOPRAZOLE 30MG CAPSULES,50,DISPENSARY-PP09,Zero Rated
50241,LEVOCARB 250/25 TABLETS,50,DISPENSARY-PP09,Zero Rated
5376,LEVODOPA/CARBIDOPA 100MG/25MG TABLETS,50,DISPENSARY-PP09,Zero Rated
20647,LEVOFLOXACIN 500MG TABLETS,25,DISPENSARY-PP09,Zero Rated
4011,LIGNOCAINE INJECTION,1,DISPENSARY-PP09,Zero Rated
1048,LITHIUM CARBONATE  200MG TABLETS,100,DISPENSARY-PP09,Zero Rated
1043,LITHIUM CARBONATE 300MG TABLETS,1,DISPENSARY-PP09,Zero Rated
5040,LORATIDINE 10MG TABLETS,30,DISPENSARY-PP09,Zero Rated
2353,LORAZEPAM 1MG TABLETS,100,DISPENSARY-PP09,Zero Rated
46320116,LOTION BASE,100,DISPENSARY-PP09,Zero Rated
15203,MAXITROL EYE OINTMENT,1,DISPENSARY-PP09,Zero Rated
15202,MAXITROL EYE/EAR DROPS,1,DISPENSARY-PP09,Zero Rated
20869,MEROPENEM (BESTINEM) INJECTION 1G,1,DISPENSARY-PP09,Zero Rated
21318,METFORMIN 500MG TABLETS ***PSMAS CODED***,1000,DISPENSARY-PP09,Zero Rated
26004,METHOTREXATE 0.5MG TABLETS,100,DISPENSARY-PP09,Zero Rated
11326,METOCLOPRAMIDE (10MG/2ML) INJECTION,1,DISPENSARY-PP09,Zero Rated
11274,METOCLOPRAMIDE (5MG/5ML) SYRUP,100,DISPENSARY-PP09,Zero Rated
11255,METOCLOPRAMIDE 10MG TABLETS,100,DISPENSARY-PP09,Zero Rated
20510,METRONIDAZOLE (200MG/5ML) SUSPENSION (100ML),100,DISPENSARY-PP09,Zero Rated
20379,METRONIDAZOLE 200MG TABLETS,1000,DISPENSARY-PP09,Zero Rated
20407,METRONIDAZOLE 400MG TABLETS,1000,DISPENSARY-PP09,Zero Rated
20682,METRONIDAZOLE 500MG/100ML INJECT,1,DISPENSARY-PP09,Zero Rated
40236250,MIFEPRISTONE TAB 200MG,1,DISPENSARY-PP09,Zero Rated
7181,MIGRIL (ERGOTAMINE 2MG) TABLETS,10,DISPENSARY-PP09,Zero Rated
11211,MISOPROSTOL (CYTOTEC)  200MG,60,DISPENSARY-PP09,Zero Rated
69872624,MONTELUKAST 10MG (BREATHEZY) TABLETS,30,DISPENSARY-PP09,Zero Rated
50934,MONTELUKAST 5MG  TABLETS,30,DISPENSARY-PP09,Zero Rated
2405,MORPHINE SULPHATE TABLETS 10MG,60,DISPENSARY-PP09,Zero Rated
18793,NALIDIXIC ACID (250MG/5ML) SUSPENSION,100,DISPENSARY-PP09,Zero Rated
18094,NALIDIXIC ACID 500MG TABS,100,DISPENSARY-PP09,Zero Rated
15013,NEODEXONE EYE/EAR DROPS 5 ML,1,DISPENSARY-PP09,Zero Rated
49582453,NEUPOGEN 300MCG,1,DISPENSARY-PP09,Zero Rated
26071,NEUPOGEN 300MG AMPOULES(FILGRASTIM),5,DISPENSARY-PP09,Zero Rated
18770,NITROFURANTOIN 100MG TABLETS,100,DISPENSARY-PP09,Zero Rated
18843,NITROFURANTOIN TABLETS 50MG,100,DISPENSARY-PP09,Zero Rated
21344,NORETHISTERONE 5MG TABLETS,100,DISPENSARY-PP09,Zero Rated
18828,NORFLOXACIN 400MG TABLETS,30,DISPENSARY-PP09,Zero Rated
35269,NORMAL SALINE INJECTION,1,DISPENSARY-PP09,Zero Rated
10224,NUELIN SA TABS  250MG,56,DISPENSARY-PP09,Zero Rated
2518,OLANZAPINE 5MG TABLETS,28,DISPENSARY-PP09,Zero Rated
25457750,OLIVE OIL 50ML,1,DISPENSARY-PP09,Zero Rated
11236,OMEPRAZOLE 20MG CAPSULES (OMICAP),100,DISPENSARY-PP09,Zero Rated
11356,OMEPRAZOLE 20MG CAPSULES (ZOMACID),14,DISPENSARY-PP09,Zero Rated
24028,ORAL REHYDRATION SALTS 500G,1,DISPENSARY-PP09,Zero Rated
5087,ORPHENADRINE 50MG TABLETS,60,DISPENSARY-PP09,Zero Rated
19022,OXYTOCIN INJECTION,1,DISPENSARY-PP09,Zero Rated
50657862,PABA,100,DISPENSARY-PP09,Zero Rated
595486,PALONOSETRON 0.25MG/5ML,1,DISPENSARY-PP09,Zero Rated
50117,PANTOPRAZOLE 20MG,10,DISPENSARY-PP09,Zero Rated
50118,PANTOPRAZOLE 40MG TABLETS,10,DISPENSARY-PP09,Zero Rated
51023,PARACETAMOL INJECTION 10MG/ML (100ML),1,DISPENSARY-PP09,Zero Rated
50719,PATANOL EYE DROPS 5ML,1,DISPENSARY-PP09,Zero Rated
2503,PETHIDINE AMPULES 100MG/2ML,10,DISPENSARY-PP09,Zero Rated
2678,PHENOBARBITONE 30MG TABLETS,1000,DISPENSARY-PP09,Zero Rated
10041,PHENSEDYL LINCTUS,100,DISPENSARY-PP09,Zero Rated
2407,PHENYTOIN 100MG CAPSULES,100,DISPENSARY-PP09,Zero Rated
10233,PHOLTEX FORTE SYRUP,100,DISPENSARY-PP09,Zero Rated
3093,PIROXICAM 10MG CAPSULES,60,DISPENSARY-PP09,Zero Rated
3159,PIROXICAM 20MG CAPSULES,100,DISPENSARY-PP09,Zero Rated
7061,PIZOTIFEN 0.5MG (SANDOMIGRAN) TABLETS,30,DISPENSARY-PP09,Zero Rated
15082,PRED FORTE  EYE DROPS 5MLS,5,DISPENSARY-PP09,Zero Rated
21340,PREDNISOLONE 5MG TABS,1000,DISPENSARY-PP09,Zero Rated
50189,PREGABALIN 75MG CAPSULES,30,DISPENSARY-PP09,Zero Rated
2434,PREGABALIN TABLETS 150MG,24,DISPENSARY-PP09,Zero Rated
21090,PRIMOLUT N(NORETHISTERONE) 5MG,30,DISPENSARY-PP09,Zero Rated
20651,PROCAINE PENICILLIN 3MIU INJECTION,1,DISPENSARY-PP09,Zero Rated
51044,PROCEDYL LINCTUS 100ML,100,DISPENSARY-PP09,Zero Rated
5061,PROCHLORPERAZINE 5MG TABLETS,25,DISPENSARY-PP09,Zero Rated
5424,PROMETHAZINE INJECTION,1,DISPENSARY-PP09,Zero Rated
5400,PROPRANOLOL 40MG TABLETS,500,DISPENSARY-PP09,Zero Rated
35389468,PROPYLENE GLYCOL 1000ML,1,DISPENSARY-PP09,Zero Rated
73169566,PYLOBACT KIT $ (DISP PRE-PACK),35,DISPENSARY-PP09,Zero Rated
11346,PYLOBACT KIT (RANBAXY),42,DISPENSARY-PP09,Zero Rated
15227,PYRIMON EYE DROPS,1,DISPENSARY-PP09,Zero Rated
2540,QUETIAPINE 100MG TABLETS,60,DISPENSARY-PP09,Zero Rated
30108,RABIES VACCINE (VERORAB),1,DISPENSARY-PP09,Zero Rated
20764,RAMIPRIL (TRITACE) 2.5MG,30,DISPENSARY-PP09,Zero Rated
20765,RAMIPRIL 5MG,100,DISPENSARY-PP09,Zero Rated
11347,RANITIDINE 150MG TABLETS,100,DISPENSARY-PP09,Zero Rated
50759,RANITIDINE 50MG INJ,1,DISPENSARY-PP09,Zero Rated
82980341,RESORCINOL BP 100G,100,DISPENSARY-PP09,Zero Rated
35266,RINGER`S LACTATE  INJECTION,1,DISPENSARY-PP09,Zero Rated
050827,RISPERIDONE 1MG TABLETS,100,DISPENSARY-PP09,Zero Rated
50025,RISPERIDONE 2MG TABLETS,60,DISPENSARY-PP09,Zero Rated
56984,RISPERIDONE 4MG TABLETS,60,DISPENSARY-PP09,Zero Rated
008045,RIVAROXABAN 10MG TABLETS (XARELTO),30,DISPENSARY-PP09,Zero Rated
008085,RIVAROXABAN 15MG TABLETS (XARELTO),42,DISPENSARY-PP09,Zero Rated
7237,ROSUVASTATIN 10MG TABLETS,30,DISPENSARY-PP09,Zero Rated
20264,ROXITHROMYCIN 150MG TABLETS,100,DISPENSARY-PP09,Zero Rated
10280,SALBUTAMOL (2MG/5ML) SYRUP,100,DISPENSARY-PP09,Zero Rated
10281,SALBUTAMOL 4MG TABLETS,1000,DISPENSARY-PP09,Zero Rated
10175,SALBUTAMOL RESPIRATORY SOLUTION (2.5ML),20,DISPENSARY-PP09,Zero Rated
010125,SALBUTAMOL RESPIRATORY SOLUTION (VENTEZE),1,DISPENSARY-PP09,Zero Rated
13137,SALICYLIC ACID POWDER,100,DISPENSARY-PP09,Zero Rated
50639,SECNIDAZOLE 1G TABLETS,20,DISPENSARY-PP09,Zero Rated
20467,SECNIDAZOLE 500MG,4,DISPENSARY-PP09,Zero Rated
10254,SERETIDE 50/100 ACCUHALER,1,DISPENSARY-PP09,Zero Rated
10285,SERETIDE 50/250 ACCUHALER,1,DISPENSARY-PP09,Zero Rated
10286,SERETIDE 50/500 ACCUHALER,1,DISPENSARY-PP09,Zero Rated
61899443,SILDENAFIL TABLETS 100MG,4,DISPENSARY-PP09,Zero Rated
50863,SILDERNAFIL TABLETS 50MG,4,DISPENSARY-PP09,Zero Rated
15536622,SILVER SULPHADIAZINE  CREAM,500,DISPENSARY-PP09,Zero Rated
21844211,SILVER SULPHADIAZINE CREAM,20,DISPENSARY-PP09,Zero Rated
5111,SINUTAB 3 WAY 30MG TABLETS,10,DISPENSARY-PP09,Zero Rated
5112,SINUTABS WITH CODEINE,12,DISPENSARY-PP09,Zero Rated
10252,SODIUM CROMOGLYCATE EYE DROPS,1,DISPENSARY-PP09,Zero Rated
2444,SODIUM VALPROATE 200MG TABLETS,100,DISPENSARY-PP09,Zero Rated
2277,STOPAYNE TABLETS,500,DISPENSARY-PP09,Zero Rated
07022,STORVAS(ATORVASTATIN) 10MG,30,DISPENSARY-PP09,Zero Rated
16067,STREPSILS LOZENGES,8,DISPENSARY-PP09,Zero Rated
13185,SULPHUR OINMENT 100G,1,DISPENSARY-PP09,Zero Rated
93535389,SULPHUR POWDER 100G,100,DISPENSARY-PP09,Zero Rated
2339,SULPIRIDE 200MG TABLETS,100,DISPENSARY-PP09,Zero Rated
44868978,TADALAFIL 20MG TABLETS (JOVAN),4,DISPENSARY-PP09,Zero Rated
50579,TAMSULOCIN 0.4MG CAPS,10,DISPENSARY-PP09,Zero Rated
16018,TEEJEL JELLY,1,DISPENSARY-PP09,Zero Rated
2310,TEGRETOL(CARBAMAZEPINE) 200MG,50,DISPENSARY-PP09,Zero Rated
50764,TELMISARTAN 40MG TABLETS,30,DISPENSARY-PP09,Zero Rated
50702,TERBINAFINE 250MG TABLETS,14,DISPENSARY-PP09,Zero Rated
50136,TERBINAFINE CREAM 10G,1,DISPENSARY-PP09,Zero Rated
30151,TETANUS VACCINE,1,DISPENSARY-PP09,Zero Rated
30154,TETAVAX VACCINE,1,DISPENSARY-PP09,Zero Rated
21036,THYROXINE 0.05MG TABS (ELTROXIN),100,DISPENSARY-PP09,Zero Rated
21047,THYROXINE 0.1MG TABLETS,100,DISPENSARY-PP09,Zero Rated
15063,TIMOLOL 0.5% EYE DROPS,1,DISPENSARY-PP09,Zero Rated
037257,TIVICAY (DOLUTEGRAVIR TABLETS) 50MG,30,DISPENSARY-PP09,Zero Rated
50755,TRAMADOL 50MG CAPSULES,100,DISPENSARY-PP09,Zero Rated
88111154,TRAMADOL/PARACET (325+37.5MG)-PARATRAM,30,DISPENSARY-PP09,Zero Rated
8018,TRANEXAMIC ACID 500MG,100,DISPENSARY-PP09,Zero Rated
15096,TRAVOPROST (TRAVATAN) EYE DROPS 2.5ML,1,DISPENSARY-PP09,Zero Rated
21237,TRIAMCINOLONE (KENALOG) INJECTION 40MG/ML,1,DISPENSARY-PP09,Zero Rated
2428,TRIFLUOPERAZINE 5MG TABLETS,100,DISPENSARY-PP09,Zero Rated
29015012,UREA POWDER,100,DISPENSARY-PP09,Zero Rated
21244,UTROGESTAN TABLETS,30,DISPENSARY-PP09,Zero Rated
20568,VALACICLOVIR 500MG,30,DISPENSARY-PP09,Zero Rated
5119,VALOID PAEDIATRIC SUPPOSITORIES,6,DISPENSARY-PP09,Zero Rated
2413,VARIPAN SYRUP (PARACETAMOL),100,DISPENSARY-PP09,Zero Rated
10173,VENTEZE(SALBUTAMOL) INHALER,200,DISPENSARY-PP09,Zero Rated
10004,VENTOLIN(SALBUTAMOL) COMPLETE,200,DISPENSARY-PP09,Zero Rated
86967524,VITAMIN B COMPLEX INJECTION 10ML,1,DISPENSARY-PP09,Zero Rated
22103,VITAMIN B COMPLEX TABLETS,1000,DISPENSARY-PP09,Zero Rated
22000,VITAMIN B12 1ML VIAL,1,DISPENSARY-PP09,Zero Rated
22011,VITAMIN B12 INJECTION 10ML,1,DISPENSARY-PP09,Zero Rated
22023,VITAMIN C 100MG TABLETS (ALPHA),100,DISPENSARY-PP09,Zero Rated
17296376,VITAMIN C 100MG TABLETS(VARICHEM),500,DISPENSARY-PP09,Zero Rated
22250,VITAMIN C 250MG TABLETS (ALPHA),100,DISPENSARY-PP09,Zero Rated
41162119,VITAMIN D3 DROPS 30ML (INOVA),1,DISPENSARY-PP09,Zero Rated
8029,VITAMIN K INJECT 10MG (ADULTS),1,DISPENSARY-PP09,Zero Rated
8077,VITAMIN K INJECTION 2MG (PAED),5,DISPENSARY-PP09,Zero Rated
3062,VOLTAREN(DICLOFENAC) AMPS,1,DISPENSARY-PP09,Zero Rated
8053,WARFARIN 5MG TABLETS,100,DISPENSARY-PP09,Zero Rated
35273,WATER FOR INJECTION (5ML),1,DISPENSARY-PP09,Zero Rated
15234,XALACOM EYE DROPS,1,DISPENSARY-PP09,Zero Rated
15208,XALATAN EYE DROPS (LATANOPROST),1,DISPENSARY-PP09,Zero Rated
37088,ZIDOVUDINE 300MG,60,DISPENSARY-PP09,Zero Rated
13162,ZINC OXIDE POWDER,100,DISPENSARY-PP09,Zero Rated
002432,ZOLPIDERM 5MG,28,DISPENSARY-PP09,Zero Rated
2403,ZOPICLONE 7.5MG (GENERIC),30,DISPENSARY-PP09,Zero Rated
7316,ACCUMAX (20/12.5MG) TABLETS,30,DISPENSARY - PP10,Zero Rated
50572709,AMLODIPIN BESILATE 5MG TABLETS,30,DISPENSARY - PP10,Zero Rated
7171,AMLODIPINE (LOMANOR) 10MG TABLETS,30,DISPENSARY - PP10,Zero Rated
7170,AMLODIPINE (LOMANOR) 5MG TABLETS,30,DISPENSARY - PP10,Zero Rated
589532,AMLODIPINE 10MG 30`S (HETERO),30,DISPENSARY - PP10,Zero Rated
7127,AMLODIPINE 10MG TABLETS (PCD),100,DISPENSARY - PP10,Zero Rated
7319,AMLODIPINE 10MG TABLETS (VARICHEM),100,DISPENSARY - PP10,Zero Rated
7125,AMLODIPINE 5MG TABLETS,100,DISPENSARY - PP10,Zero Rated
65729218,AMLODIPINE-VALSARTAN 10MG/160MG (VALEMBIC),1,DISPENSARY - PP10,Zero Rated
5379,ATENOLOL 100MG (IPCA) TABLETS,100,DISPENSARY - PP10,Zero Rated
5380,ATENOLOL 50MG (CIPLA) TABLETS,100,DISPENSARY - PP10,Zero Rated
5373,ATENOLOL 50MG (IPCA) TABLETS,100,DISPENSARY - PP10,Zero Rated
7022,ATORVASTATIN 10MG TABLETS,30,DISPENSARY - PP10,Zero Rated
7020,ATORVASTATIN 20MG (ASPAVOR) TABLETS,30,DISPENSARY - PP10,Zero Rated
7205,ATORVASTATIN 20MG (INTAS) TABLETS,30,DISPENSARY - PP10,Zero Rated
050102	,ATORVASTATIN 20MG(ADCOCK),30,DISPENSARY - PP10,Zero Rated
007075,ATORVASTATIN 40MG TAB (ASPAVOR),30,DISPENSARY - PP10,Zero Rated
50622,BISOPROLOL 5MG TABLETS,30,DISPENSARY - PP10,Zero Rated
7214,CAPTOPRIL 25MG TABLETS,100,DISPENSARY - PP10,Zero Rated
7234,CARDURA(DOXAZOSIN) XL 4MG,30,DISPENSARY - PP10,Zero Rated
7191,CARVEDILOL 12.5MG TABLETS,30,DISPENSARY - PP10,Zero Rated
7231,CARVEDILOL 25MG TABLETS,30,DISPENSARY - PP10,Zero Rated
50901,CARVEDILOL 3.125MG TABLETS,30,DISPENSARY - PP10,Zero Rated
75042563,CARVEDILOL 6.25MG TABLETS,20,DISPENSARY - PP10,Zero Rated
18154,CO-AMILORIDE (URAZIDE)  TABLETS,1000,DISPENSARY - PP10,Zero Rated
7272,ENALAPRIL 10MG TABLETS,100,DISPENSARY - PP10,Zero Rated
50316,ENALAPRIL 20MG TABS (PLUS 5 GENERIC),100,DISPENSARY - PP10,Zero Rated
018760,EPLERENONE 25MG TABLETS,30,DISPENSARY - PP10,Zero Rated
50059,EXFORGE 10MG/160MG TABLETS,28,DISPENSARY - PP10,Zero Rated
7305,EXFORGE 5MG/160MG TABLETS,28,DISPENSARY - PP10,Zero Rated
7307,EXFORGE 5MG/80MG TABLETS,28,DISPENSARY - PP10,Zero Rated
13241235,EXFORGE-HCT (5/160/12.5)MG TABLETS,28,DISPENSARY - PP10,Zero Rated
21396,GALVUS (VILDAGLIPTIN-COATED) 50MG TABLETS,28,DISPENSARY - PP10,Zero Rated
21367,GALVUS-MET (VILDAGLIPTIN-METFORMIN) TABLETS,30,DISPENSARY - PP10,Zero Rated
21345,GLIBENCLAMIDE 5MG TABLETS (VARICHEM),1000,DISPENSARY - PP10,Zero Rated
21341,GLICLAZIDE 80MG TABLETS,100,DISPENSARY - PP10,Zero Rated
50373,GLIMEPIRIDE 2MG (AZULIX),30,DISPENSARY - PP10,Zero Rated
21006,GLIMEPIRIDE 2MG (GLIMULIN) TABLETS,10,DISPENSARY - PP10,Zero Rated
18769,HYDROCHLOROTHIAZIDE 25MG TAB,1000,DISPENSARY - PP10,Zero Rated
37812507,IRBESARTAN 150MG (IRBIS-H 150) TABLETS,10,DISPENSARY - PP10,Zero Rated
7123,ISOSORBIDE 10MG TABLETS,100,DISPENSARY - PP10,Zero Rated
50977,KIVEXA ABACAVIR600MG/LAMIVUDINE300MG,30,DISPENSARY - PP10,Zero Rated
5303,LISINOPRIL 10MG TABLETS,100,DISPENSARY - PP10,Zero Rated
5302,LISINOPRIL 5MG TABLETS,100,DISPENSARY - PP10,Zero Rated
008507,LOSARTAN + HCT 50/12.5MG (PRESARTAN-H),30,DISPENSARY - PP10,Zero Rated
50754,LOSARTAN 100MG TABLETS (HETERO),30,DISPENSARY - PP10,Zero Rated
83152510,LOSARTAN 100MG TABLETS (PRESARTAN),28,DISPENSARY - PP10,Zero Rated
5084,LOSARTAN 100MG TABLETS (VARICHEM),100,DISPENSARY - PP10,Zero Rated
50509,LOSARTAN 25MG TABLETS (UNICHEM),100,DISPENSARY - PP10,Zero Rated
7247,LOSARTAN 25MG TABLETS(PRESARTAN),30,DISPENSARY - PP10,Zero Rated
050508,LOSARTAN 50MG TABLETS (UNICHEM),30,DISPENSARY - PP10,Zero Rated
546972,LOSARTAN 50MG TABLETS (VARICHEM),100,DISPENSARY - PP10,Zero Rated
7248,LOSARTAN 50MG TABLETS(PRESARTAN),30,DISPENSARY - PP10,Zero Rated
21312,METFORMIN 1000MG (GLUSIS),30,DISPENSARY - PP10,Zero Rated
21249,METFORMIN 1000MG (RANOPHAGE),30,DISPENSARY - PP10,Zero Rated
21242,METFORMIN 500MG (GLUSIS ER),30,DISPENSARY - PP10,Zero Rated
21323,METFORMIN 500MG TABLETS (+5),1000,DISPENSARY - PP10,Zero Rated
21272,METFORMIN 500MG TABLETS (CIPLA),500,DISPENSARY - PP10,Zero Rated
7101,METHYLDOPA 250MG TABLETS,500,DISPENSARY - PP10,Zero Rated
007174,NIFEDIPINE 10MG (NIFELAT) TABLETS,100,DISPENSARY - PP10,Zero Rated
7201,NIFEDIPINE 20MG  (NIFELAT)RTABLETS,100,DISPENSARY - PP10,Zero Rated
7089,NIFEDIPINE 20MG TABLETS (CALCIGUARD),60,DISPENSARY - PP10,Zero Rated
24004,POTASIUM CHLORIDE (SLOW K) 600MG TAB,100,DISPENSARY - PP10,Zero Rated
7113,PRAZOSIN 2MG TABLETS,100,DISPENSARY - PP10,Zero Rated
7252,PRAZOSIN 5MG TABLETS,100,DISPENSARY - PP10,Zero Rated
50679,SIMVASTATIN TABLETS  20MG,30,DISPENSARY - PP10,Zero Rated
50678,SIMVASTATIN TABLETS 10MG,30,DISPENSARY - PP10,Zero Rated
18869,SPIRONOLACTONE 25MG TABLETS (DATLABS),200,DISPENSARY - PP10,Zero Rated
18776,SPIRONOLACTONE 25MG TABLETS (PFIZER),60,DISPENSARY - PP10,Zero Rated
7146,TENORIC (50/12.5) TABLETS,28,DISPENSARY - PP10,Zero Rated
50867,VALSARTAN 160MG TABLETS,28,DISPENSARY - PP10,Zero Rated
50876,VALSARTAN 80MG  TABLETS,28,DISPENSARY - PP10,Zero Rated
007289,VALSARTAN 80MG/HCT 12.5MG TABLETS,30,DISPENSARY - PP10,Zero Rated
7133,VERAPAMIL 40MG,100,DISPENSARY - PP10,Zero Rated
1010523,VITAMIN B COMPLEX INJ (1ML),1,DISPENSARY - PP10,Zero Rated
94299927,ASALEN TABLETS 10`S,1,OTC PRE-PACK,Zero Rated
69351114,BENYLIN 4 FLU,100,OTC PRE-PACK,Zero Rated
91168078,BLUE DIAMOND,1,OTC PRE-PACK,Zero Rated
53093869,CIPROFLOXACIN 125MG/5ML SUSP (MIXTURE),100,OTC PRE-PACK,Zero Rated
92760538,DR OLIVER`S LOTION 100ML,1,OTC PRE-PACK,Zero Rated
17281127,GIGAPYNE 30 CAPLETS,30,OTC PRE-PACK,Zero Rated
33432195,GILETTE SILVER BLUE BLADES SINGLES,1,OTC PRE-PACK,Zero Rated
65135532,PARACETAMOL 500MG TABLETS,30,OTC PRE-PACK,Zero Rated
90069675,PRE-PACK ADCO-DOL 10`S,1,OTC PRE-PACK,Zero Rated
54115769,PRE-PACK ASPIRIN 300MG TAB 30`S,1,OTC PRE-PACK,Zero Rated
57254985,PRE-PACK BETADINE 50MILS,1,OTC PRE-PACK,Zero Rated
81733199,PRE-PACK BETADINE SOLN  100ML,1,OTC PRE-PACK,Zero Rated
25219323,PRE-PACK CEPACOL 4`S,1,OTC PRE-PACK,Zero Rated
51623865,PRE-PACK CHLORPHENAMINE 4MG 20`S,1,OTC PRE-PACK,Zero Rated
71755355,PRE-PACK CO-CODAMOL 10`S,10,OTC PRE-PACK,Zero Rated
70619644,PRE-PACK DATVITAMIN SYRUP 100MLS,100,OTC PRE-PACK,Zero Rated
56389645,PRE-PACK DISPRIN 12`S,1,OTC PRE-PACK,Zero Rated
21723891,PRE-PACK FLUMED 12`S,1,OTC PRE-PACK,Zero Rated
45890948,PRE-PACK FLUMEL TABLETS 10`S,1,OTC PRE-PACK,Zero Rated
91943079,PRE-PACK FOLIC ACID 5MG 30`S,1,OTC PRE-PACK,Zero Rated
82428187,PRE-PACK GAUZE 7.5CM 1`S,1,OTC PRE-PACK,Zero Rated
75876913,PRE-PACK GAUZE SWABS 10CM,1,OTC PRE-PACK,Zero Rated
20767655,PRE-PACK GLYCERINE AND ICHTHAMMOL 100MLS,1,OTC PRE-PACK,Zero Rated
24246319,PRE-PACK GLYCERINE AND ICHTHAMOL 50ML,1,OTC PRE-PACK,Zero Rated
92911342,PRE-PACK IBUPROFEN 200MG 10`S,1,OTC PRE-PACK,Zero Rated
41015865,PRE-PACK IBUPROFEN 400MG 10`S,1,OTC PRE-PACK,Zero Rated
49661321,PRE-PACK MEDOX  VITAMIN B COMPLEX 30`S,1,OTC PRE-PACK,Zero Rated
59043361,PRE-PACK MEDOX MULTIVITAMIN 30`S,1,OTC PRE-PACK,Zero Rated
96166424,PRE-PACK METHYLATED SPIRIT 100ML,1,OTC PRE-PACK,Zero Rated
41725479,PRE-PACK MMT 20`S,1,OTC PRE-PACK,Zero Rated
30920330,PRE-PACK MMT SUSPENSION 100MLS,1,OTC PRE-PACK,Zero Rated
29617698,PRE-PACK MULTIVITAMIN 20`S,1,OTC PRE-PACK,Zero Rated
51931031,PRE-PACK MYPRODOL  10`S,1,OTC PRE-PACK,Zero Rated
72228940,PRE-PACK NORMAL SALINE DROPS,1,OTC PRE-PACK,Zero Rated
29060216,PRE-PACK PANADO TABLETS 20`S,1,OTC PRE-PACK,Zero Rated
14398623,PRE-PACK PARACETAMOL 100MLS,1,OTC PRE-PACK,Zero Rated
70781099,PRE-PACK PARACETAMOL 50MLS,1,OTC PRE-PACK,Zero Rated
13610111,PRE-PACK PROMETHAZINE 25MG 10`S,1,OTC PRE-PACK,Zero Rated
74309344,PRE-PACK PROPAIN 10`S,1,OTC PRE-PACK,Zero Rated
38679180,PRE-PACK PROPAIN 5`S,1,OTC PRE-PACK,Zero Rated
62545968,PRE-PACK PYNSTOP  4`S,1,OTC PRE-PACK,Zero Rated
89436592,PRE-PACK PYNSTOP 10`S,10,OTC PRE-PACK,Zero Rated
70637083,PRE-PACK PYNSTOP 5`S,1,OTC PRE-PACK,Zero Rated
18515242,PRE-PACK PYRIDOXINE 25MG 30`S,1,OTC PRE-PACK,Zero Rated
35097195,PRE-PACK RAY ACNE CLEANSER 100ML,1,OTC PRE-PACK,Zero Rated
44376171,PRE-PACK RAY ACNE CLEANSER 50ML,1,OTC PRE-PACK,Zero Rated
46653724,PRE-PACK SURGICAL SPIRIT 100ML,1,OTC PRE-PACK,Zero Rated
90330648,PRE-PACK VITAMIN C 100MG 20`S,1,OTC PRE-PACK,Zero Rated
21340629,SOLPHYLLEX 100ML SYRUP,1,OTC PRE-PACK,Zero Rated
30342517,VARIFLEX SYRUP 100ML,1,OTC PRE-PACK,Zero Rated
68532789,ATORVASTATIN 20MG (ASPAVOR) TABLETS ***PSMAS CODED***,30,PSMAS CODED PRODUCTS,Zero Rated
20511,AUGMENTIN 625MG TABLETS ***PSMAS CODED**,15,PSMAS CODED PRODUCTS,Zero Rated
123455T,CO-AMILORIDE (URAZIDE) TABLETS ***PSAMAS CODED***,1000,PSMAS CODED PRODUCTS,Zero Rated
090053,FLUPHENAZINE 25MG 1ML ***PSMAS CODED***,1,PSMAS CODED PRODUCTS,Zero Rated
090538,MONTEKULAST 5MG TABLETS ***PSMAS CODED***,30,PSMAS CODED PRODUCTS,Zero Rated
090366,MONTELUKAST 10MG TABLETS ***PSMAS CODED***,30,PSMAS CODED PRODUCTS,Zero Rated
7267,NIFEDIPINE 20MG TABLETS ***PSMAS CODED***,100,PSMAS CODED PRODUCTS,Zero Rated
021185,NOVOMIX  30 FLEXIPEN ***PSMAS CODED***,1,PSMAS CODED PRODUCTS,Zero Rated
10040,PHENSEDYL LINCTUS ***PSMAS CODED***,1,PSMAS CODED PRODUCTS,Zero Rated
002450,RISPERIDONE 2MG TABLETS ***PSMAS CODED***,60,PSMAS CODED PRODUCTS,Zero Rated
090273,TRAMADOL/PARACET (325+37.5MG)-PARATRAM ***PSMAS CODED**,30,PSMAS CODED PRODUCTS,Zero Rated
73586768,USN CREATINE 100G (SINGLES ),1,USN RANGE,Standard Rate (15%)
1234456,USN CREATINE MONOHYDRATE POWDER 205G,1,USN RANGE,Standard Rate (15%)
89761656,USN FAST GROW AMINO 60`S,1,USN RANGE,Standard Rate (15%)
68638440,USN FAST GROW ANABOLIC 150G,1,USN RANGE,Standard Rate (15%)
11629634,USN FAST GROW ANABOLIC 1KG,1,USN RANGE,Standard Rate (15%)
91252525,USN FAST GROW ANABOLIC 4KG,4000,USN RANGE,Standard Rate (15%)
85121582,USN HYPERBOLIC MASS 150G,1,USN RANGE,Standard Rate (15%)
74317281,USN HYPERBOLIC MASS 1KG,1000,USN RANGE,Standard Rate (15%)
23748656,USN MUSCLE FUEL 1KG,1000,USN RANGE,Standard Rate (15%)
96124863,USN MUSCLE FUEL 454G,454,USN RANGE,Standard Rate (15%)
66114127,USN WHEY PROTEIN 454G,454,USN RANGE,Standard Rate (15%)
